#{"t_start": 1746547430.1240034, "env_id": "None"}
r,l,t
-32.60637,258,8.835849
-14.209393,258,12.401931
-10.587086,258,15.881624
-9.958385,108,17.39678
-1.7160101,18,17.654714
-1.9480579,17,17.888975
-0.36918306,18,18.137624
-11.640486,258,21.727596
-12.934691,258,25.293733
-12.884667,258,28.88258
15.9334135,21,29.178759
-0.20697165,19,29.453589
-0.36573195,15,29.669552
-6.744071,258,33.239658
-1.9524763,17,33.483425
13.085506,20,37.965792
-1.1526945,16,38.186162
-1.8310415,225,41.262535
11.274551,155,43.414015
-0.24193883,16,43.649645
12.096585,20,43.934718
-5.137825,258,53.245713
-0.48018217,21,56.046406
11.990017,28,59.779932
-3.572437,258,64.789723
-4.108395,258,71.332137
-0.45764303,14,71.532066
-0.79545486,15,71.750309
-0.73903525,16,71.985705
11.720892,52,72.728705
-4.4571486,258,76.371091
11.467407,44,76.992631
-4.725401,258,80.578311
0.06639874,52,81.295735
-0.48186004,14,81.529402
-0.18149173,15,81.75454
11.333438,97,87.579136
0.10042763,56,88.395896
11.5865345,44,89.001546
-0.91573876,147,91.047573
-0.24377847,18,91.299246
0.045050025,30,91.719668
-3.347793,258,95.313521
-3.902739,258,98.861707
-0.35792625,20,99.141669
-1.2236459,19,99.4211
-0.11206603,19,99.690733
-0.57771647,14,99.897011
-0.13655984,39,100.452873
-0.3047098,16,100.692821
-0.52179193,15,100.910813
11.53567,28,101.31321
-3.8753655,258,104.731764
-4.6923795,258,108.353555
-4.1584845,258,111.967577
-4.18456,258,116.565702
-0.55102706,18,116.869446
-0.5443671,111,118.437036
11.710104,42,119.0277
11.716764,39,119.574931
-0.703807,27,119.951501
11.992345,25,120.309063
-0.3162346,16,120.544584
-3.912168,258,124.170722
-0.396909,55,124.942869
11.736536,23,125.287798
0.019569397,19,125.576705
-3.588574,258,129.177666
-0.29193747,14,129.393793
-0.92945755,5,129.482916
-0.2730757,18,129.757726
-3.688632,258,133.389768
11.701648,30,133.819191
11.4842415,32,134.284942
-3.6734066,258,137.834653
11.737517,23,138.155656
-0.18356514,17,138.416945
-3.5182,258,142.064706
-0.6345346,18,142.326996
11.760405,22,142.645136
-0.6264332,89,143.887945
-0.7269304,157,150.4192
-0.23798609,18,150.671394
11.673474,39,151.2177
0.2106626,32,151.693821
0.34053755,28,152.091718
-0.28855944,15,152.311647
0.052732825,41,152.89477
-0.7470459,16,153.149148
0.11085248,18,153.40148
-3.261044,258,157.00384
-0.4783154,15,157.213833
11.552876,32,157.67067
-0.77437544,16,157.917105
-0.23360062,18,158.181687
-0.7813613,21,158.489156
0.05997765,19,158.756588
-0.12775946,42,159.35158
11.7032385,20,159.636666
-3.3971853,258,163.25677
-0.79292077,21,163.565882
11.6828375,40,164.135656
-0.7427808,28,164.561787
-3.5436764,258,168.107728
-0.6377031,80,169.217215
-3.2332885,258,172.863761
11.696644,28,173.314004
11.303787,89,174.752495
11.172259,51,175.504725
-0.3658774,75,176.561711
0.13019085,28,176.972403
-0.23194432,16,177.204973
-3.5423503,258,186.510936
11.302184,35,187.196771
-0.58188486,46,187.869469
-0.56444246,19,188.158809
-0.29693258,14,188.382693
-0.3130923,39,188.951362
-0.15393496,19,189.233663
11.526715,32,189.700968
-0.32593572,29,190.117833
-0.06833029,20,190.534696
-0.20767772,16,190.78381
11.552679,20,191.062544
-0.13105786,18,191.380608
-0.042967796,17,191.625598
-0.021667361,66,192.55721
11.274459,46,193.200891
11.679782,23,193.536889
0.07502818,51,194.249175
-0.22843575,18,194.517645
-0.39590955,15,194.737228
-0.9600816,25,195.106693
-0.4857763,17,195.400612
-0.1702007,64,196.311689
11.184255,81,197.602911
11.484029,22,198.056672
-0.6938338,21,198.377842
-0.87722355,6,198.47777
-0.10001755,16,198.717723
11.341234,41,199.36346
0.17154884,22,199.707784
-0.7693374,19,200.000763
-1.0448452,20,200.316545
-0.28085798,41,201.185754
-0.15691102,20,201.531271
-0.4375469,16,201.770915
-2.7186604,258,205.306962
-0.8821841,21,205.611524
-0.77696186,19,205.890638
-0.26505166,17,206.14057
-0.13778508,16,206.375649
-0.15016341,18,206.637612
-0.12289691,32,207.097812
-0.29022086,43,207.744007
11.271215,28,208.147831
-0.4030726,18,208.419607
-0.6197161,18,208.684266
-0.19401443,41,209.274715
-0.67101413,23,209.597667
-0.7453002,22,209.900811
-3.1132019,258,213.465543
0.04982841,20,213.754956
-0.6838194,161,221.296648
-1.190809,27,221.73285
-0.3728428,16,221.971714
-0.392406,20,222.251743
-0.5367831,17,222.497797
0.21565235,23,222.832413
-0.7611655,23,223.190871
0.13672173,61,224.074862
11.332404,46,224.733005
-0.8430619,16,225.03057
11.142407,60,225.890905
11.125957,73,226.920647
-0.278086,16,227.155848
-0.22871554,18,227.415648
-3.1217315,258,230.996819
-0.46824104,16,231.229559
11.319139,71,232.262394
0.06544864,21,232.606015
-0.56634575,15,232.838014
-0.05570376,34,233.327618
-1.035107,35,233.838999
0.17268264,39,234.451942
-0.15296173,40,235.087869
-0.450858,15,235.321599
-0.19879645,14,235.549526
-0.29253268,26,236.011722
-2.9737628,258,239.809047
0.10443759,38,240.378939
-0.7422415,21,240.679889
-0.23674345,16,240.915904
-0.23366046,29,241.337971
11.426895,32,241.790729
-0.6700416,18,242.051727
-3.099156,258,245.826524
-0.17509747,54,246.647701
-0.596482,21,246.991633
-0.015391588,37,247.536574
11.405814,30,247.973084
11.583014,24,248.321522
-0.36593133,17,248.595834
0.17736328,42,249.212987
-0.2588247,38,249.766576
-0.06296456,35,253.781873
-0.68228185,16,254.028897
11.497926,22,254.345613
-0.37308604,16,254.592989
-0.047654748,18,254.851797
-0.59030837,18,255.112725
-0.0072209835,33,255.6126
-0.123018265,30,256.06181
11.424755,37,256.600949
-2.9241848,258,260.496589
0.051558733,45,261.125786
0.0068490505,49,261.82074
11.196842,38,262.357768
-0.2549497,51,263.108155
-0.16071594,17,263.363598
-0.28388226,19,263.689777
11.175669,45,264.330879
-1.0421528,37,264.869273
11.087398,52,265.590697
-0.024963975,30,266.036923
-0.25717562,17,266.286714
-0.25135362,17,266.54575
11.37339,31,267.001736
-0.45079452,44,267.643652
-2.9570158,258,271.324405
-0.94065005,227,274.621651
11.22303,47,275.282595
-0.408835,47,275.942717
11.424048,26,276.320867
0.064857006,52,277.064993
11.190011,76,278.161833
0.24517024,21,278.461533
-0.017419934,18,278.73134
-0.22057837,46,279.37658
11.168817,40,279.945801
-0.124527335,17,280.19735
-0.4371596,17,280.434792
11.301471,55,281.248714
-0.33881658,30,281.694738
-0.34237558,17,281.945516
0.0033174753,19,282.229771
-0.016061664,35,282.742674
-0.26839942,37,283.271593
-0.2801245,18,287.703785
-0.40192246,56,288.494655
-0.1297971,18,288.754713
-0.29235464,30,289.179664
-0.47796983,20,289.473381
-0.72129595,15,289.689805
-0.85828674,19,289.969632
-0.18508512,18,290.225949
-0.19135344,37,290.761836
-0.10860503,21,291.094679
11.150952,63,292.02284
-0.38283652,15,292.246946
-0.23557079,17,292.492809
-0.3179531,33,293.020899
0.14417732,37,293.661832
-1.1813681,27,294.073022
-0.355183,17,294.333947
-0.14216459,28,294.752908
-0.10378337,19,295.043549
-0.47606355,37,295.607776
-0.46576196,16,295.880774
-0.65382016,32,296.335012
-0.083295345,17,296.585353
0.04197526,29,297.034564
11.276403,69,298.004598
0.07482374,36,298.511918
-0.33292592,21,298.820927
11.094587,41,299.396568
-0.08570397,21,299.713766
-0.81269956,18,299.979623
11.20249,32,300.443803
-0.09103,28,300.864555
0.11089194,39,301.408317
-0.75959456,35,301.901658
11.1277895,36,302.433586
11.454798,42,303.129599
-0.18070084,35,303.72243
-0.029890895,20,304.089725
-0.47643882,72,305.198771
-3.6771264,258,309.491538
11.210991,37,310.149232
-0.39240062,45,310.852024
-0.14978534,43,311.524228
11.139561,38,312.324748
-2.8776996,258,316.662546
-0.26865715,16,316.935814
-2.8902042,258,327.354926
11.352171,23,327.71341
11.365028,20,328.01965
11.119425,39,328.58765
0.10805225,18,328.855836
-0.18606716,16,329.091532
-0.7600889,4,329.167549
-0.27943432,15,329.431644
-0.31783658,16,329.666971
-1.0016661,29,330.214565
-0.018389821,31,330.732745
-0.5800266,121,332.45967
11.120668,64,333.374761
-0.85030746,16,333.635957
-0.25416118,38,334.191629
-0.2793982,25,334.554644
-1.0591791,23,334.903613
-0.3293681,30,335.340619
-0.34223574,15,335.565781
11.3406315,21,335.869715
11.245695,28,336.295605
-0.96335405,32,336.769183
11.098162,45,337.424963
-0.050978422,36,338.022764
0.039416194,30,338.470876
11.5179205,21,338.827872
-0.84639096,30,339.297598
-0.5906826,130,341.203896
-0.34770483,15,341.43083
-0.45753276,30,341.885726
0.18487465,20,342.169216
-2.9280326,258,345.895616
-0.66231567,16,346.141174
-0.630351,58,346.96998
11.165718,35,347.469527
-0.04849696,46,348.124322
-0.7106565,42,348.717969
-0.20569855,17,348.961377
0.08901334,30,349.40457
0.24118495,34,349.894594
-0.417449,17,350.14272
-0.6635346,33,350.61265
-0.33763272,14,350.821362
-2.8349986,258,354.391963
-0.30388767,19,354.674976
-0.10819006,17,354.925629
-0.98172873,33,355.405836
-0.13693392,20,355.69661
-0.48840833,15,355.908652
-0.15029275,42,362.161559
0.10567665,30,362.595198
-0.38855356,17,362.849672
-0.21253115,28,363.249572
-0.6433443,20,363.550876
-0.16153163,16,363.781814
-0.3364902,24,364.131631
-0.30646718,31,364.571764
0.23607647,38,365.197877
0.28390324,31,365.655619
-0.018556833,30,366.119891
-0.6547174,15,366.352751
-0.4534673,15,366.576249
11.4520855,27,366.966179
-0.18590963,34,367.465539
0.09676039,37,367.994817
11.25047,34,368.483726
0.252316,23,368.831852
-0.3390944,30,369.261839
-1.1623306,30,369.699603
11.165215,37,370.234687
-1.0108494,25,370.598937
0.27541304,31,371.05366
0.16761148,28,371.467632
-2.8065853,258,375.275008
-2.8967156,258,378.92469
-0.74384946,27,379.317441
-0.27561367,16,379.554265
-0.25745475,19,379.831618
0.098051906,28,380.257754
-0.19778144,30,380.710004
-0.27662635,18,380.974955
0.25511873,37,381.487658
-0.4122886,27,381.872126
-0.36807412,33,382.362661
-0.26194775,31,382.799639
11.187851,36,383.318046
-0.19950086,41,383.905895
-0.113470554,30,384.342964
-0.38503087,20,384.631151
-0.40349096,53,385.385178
0.23279154,21,385.683668
-0.6778101,39,386.25381
11.525195,31,386.703938
-0.094145656,17,386.954732
-0.6739664,22,387.277007
-0.72199965,26,387.659488
11.3768215,35,388.154809
0.32689464,22,388.48256
-0.33952117,31,388.92055
11.119574,34,389.396988
-2.8439708,258,397.209808
-0.2542013,57,398.01041
-2.8537354,258,401.662721
-0.2201032,15,401.887591
-0.09453678,21,402.205694
-0.62458044,16,402.438795
-0.42638987,17,402.697225
0.28485513,38,403.230965
-0.116660714,16,403.46675
-0.63122785,20,403.761947
-0.28629255,16,404.004607
-0.37350148,14,404.217195
-0.28047264,17,404.460665
11.17675,26,404.837717
0.080284,27,405.230705
-0.1185658,27,405.619128
-0.11214185,30,406.050744
-0.8789002,30,406.487609
-0.3614511,52,407.222427
-0.2876231,17,407.473792
-0.19781387,37,408.024673
-0.044984102,30,408.475961
-0.3279755,18,408.738712
-0.07294726,20,409.05153
11.315401,26,409.434699
-0.5440291,26,409.842489
-0.04304695,28,410.279669
-0.16781825,17,410.542924
11.144147,28,410.961571
-2.7476573,258,414.675388
-0.8544759,32,415.327364
11.256297,29,415.843358
-0.45161915,18,416.137367
0.08159411,32,416.638929
-0.6507849,142,419.222536
-0.62379414,17,419.562466
-0.8542152,21,419.95136
-0.03449142,38,420.563313
-0.39569414,38,421.107257
-0.42515528,45,421.764397
-0.83544683,25,422.129766
-0.23506868,17,422.389328
-0.96167386,22,422.73056
-0.3473524,20,423.060667
-0.2722627,17,423.312665
-0.8900194,224,426.653822
0.036677837,33,432.581655
11.133864,39,433.181607
-0.51148427,151,435.355705
-0.6541724,6,435.456544
-0.32430547,21,435.757644
-0.33729035,36,436.267008
-0.29471022,24,436.609608
-0.13472867,32,437.056819
-0.30308282,28,437.468725
-0.20888227,17,437.711749
-0.8311025,34,438.205021
-0.19012034,30,438.636819
-1.15398,33,439.104534
11.522727,26,439.476713
-0.20811504,14,439.683593
11.517232,38,440.231891
-1.0542217,35,440.731
-0.15741217,18,440.991632
11.211279,27,441.377152
-0.06028974,29,441.81968
-0.3719334,34,442.347833
0.028839946,37,442.93764
11.341777,54,443.750879
-0.58616114,22,444.102008
-0.23557281,23,444.45497
-0.40686965,16,444.700602
-0.39571863,17,444.974951
-0.008951187,20,445.266517
11.473231,24,445.61474
-0.23511058,15,445.834805
0.09573138,31,446.274651
11.192536,39,446.903625
-0.27891576,33,447.432767
11.515976,29,447.85761
-0.8126599,38,448.516039
-0.914519,32,448.987652
11.304343,27,449.410819
-0.07843506,32,449.884744
-0.6947344,127,451.837616
0.054391503,31,452.296666
-0.22563857,30,452.727558
-0.038577795,30,453.162768
-0.586274,23,453.499026
-0.24751985,23,453.83363
-0.56758726,43,454.441602
-0.1638465,19,454.719639
-0.16725898,36,455.292691
-0.2679078,16,455.529796
-0.8798724,19,455.807411
-0.3522656,17,456.060776
-0.009072185,35,456.571732
11.03842,34,457.064818
-1.0777277,41,457.657981
0.25148797,31,458.125965
-0.4801466,18,458.39169
0.035921097,35,458.913732
-0.19193852,17,459.180554
-0.774462,18,459.469111
0.42735732,35,459.974731
0.16202235,34,460.467741
11.565485,32,460.945768
0.15629816,35,461.491711
-0.68119955,21,461.794585
-0.70306253,28,462.194983
-0.48459983,21,462.503987
-0.5785239,18,462.766594
-0.2248919,27,468.530765
0.1192863,51,469.256814
0.08230829,27,469.649706
-0.106524706,35,470.159228
11.410336,31,470.617625
-0.73546153,24,470.985793
-0.17422563,16,471.224633
-0.3622281,80,472.356471
-0.42723358,35,472.848749
-1.0959294,37,473.381526
11.194334,27,473.786562
-0.03741777,19,474.076167
-0.047418118,20,474.36697
11.231113,29,474.784797
0.15947068,34,475.286081
-0.8199593,23,475.619663
-0.58593947,17,475.936888
-0.8345727,26,476.318683
-0.28564924,40,476.895685
-0.6611239,123,478.777728
11.289376,28,479.288073
11.494065,26,479.738714
-0.5997422,14,479.980383
-0.330189,30,480.452973
0.046606302,25,480.827599
-0.83716583,26,481.236838
11.250042,28,481.681659
-0.22739458,24,482.136698
-0.6386403,20,482.461749
-0.33185512,19,482.824346
-0.5013951,90,484.237008
0.026592731,21,484.550641
11.214168,48,485.276284
-0.24417776,18,485.577341
11.315525,25,485.955628
-0.27322614,16,486.210654
-1.0454962,26,486.609116
11.391953,34,487.117599
-0.9610211,25,487.482395
-0.34050465,28,487.885649
0.16664696,38,488.429789
-0.70736647,34,488.922744
-0.31336278,29,489.349959
-0.63090783,136,491.303007
11.174859,26,491.702577
-0.6758258,17,491.960553
-0.3215282,35,492.470728
-0.7951505,36,492.982551
-0.056546807,34,493.470725
-0.14590442,27,493.900242
-0.35779756,32,494.357753
0.00084888935,29,494.781605
11.442822,28,495.221566
-1.1080353,28,495.649615
-0.8698232,29,496.095735
-0.36897898,23,496.45269
-0.25140625,36,497.03392
-0.27363664,15,497.325928
-0.2997675,16,497.594619
-0.20412678,26,497.999738
-0.33813256,32,498.579739
-0.12356979,26,499.015751
-0.32666975,18,499.29372
-0.89984536,31,504.46777
11.216682,28,504.891891
-0.31925368,15,505.124741
-0.007301092,29,505.541729
0.0010749102,31,505.987606
-1.0580466,24,506.336782
-0.8387406,36,506.84481
0.07899666,34,507.337687
-1.1077074,33,507.846791
0.0009824038,27,508.242917
-0.18958014,18,508.506766
-0.9968935,26,508.887654
-0.32381797,34,509.376748
-0.22113669,18,509.651821
11.403693,31,510.133522
-0.35730225,33,510.612415
-0.39533877,17,510.886624
0.17268503,35,511.389654
-0.33067888,48,512.061919
-0.28767318,17,512.309904
-0.2959476,36,512.819775
11.060163,32,513.327394
0.058792114,20,513.627884
0.019073486,18,513.890898
-0.36636126,17,514.145625
11.511342,25,514.507597
-2.7649205,258,518.120523
-0.4491567,18,518.386616
-0.018488288,18,518.6528
-0.47478145,31,519.09668
-0.18855697,32,519.59164
0.12865198,30,520.021828
-0.42602414,29,520.439752
0.02711308,20,520.727371
-0.1986602,16,520.965708
11.347682,33,521.439034
-0.59966785,22,521.76558
-0.01799047,29,522.19532
-0.2519099,16,522.427516
0.08822358,35,522.917539
-0.4136858,17,523.167876
-0.51765025,15,523.388663
-0.35381562,41,523.967672
-0.12759066,27,524.366847
-0.65453297,39,524.940024
-0.02613151,35,525.446703
11.307834,26,525.81758
-0.26027828,21,526.152742
11.138582,42,526.761751
-1.1513951,42,527.387902
-0.15355057,18,527.675735
-0.5226613,19,527.951362
-0.048553467,18,528.23326
-0.97895,43,528.859953
-0.22166789,20,529.155642
-0.15900034,16,529.389197
-0.7575902,5,529.479075
-0.28388262,34,530.012707
-0.2889548,30,530.461569
-0.22297132,17,530.714883
-0.106553435,34,531.213921
-0.73547804,25,531.582352
-0.3749588,20,531.8796
-0.9614696,23,532.217698
-0.9069971,42,532.823648
-0.3132788,24,533.172587
0.11614072,21,533.476569
-0.704615,41,534.100699
-0.4650681,159,541.402524
-0.3881777,28,541.819223
-0.7567438,36,542.34277
-0.30679882,16,542.576755
-0.17812067,16,542.820594
-0.25469112,16,543.057585
-0.09344369,25,543.426229
11.39797,30,543.854755
-0.29011774,26,544.253762
-0.4381737,122,545.992661
-0.39280146,16,546.229945
-0.0016443729,27,546.638157
-0.3613363,18,546.926896
-0.16032606,17,547.198798
-0.6806034,20,547.501527
11.439091,23,547.872761
0.030659318,22,548.242591
-0.20000595,40,548.860678
-0.9563209,26,549.248763
-0.21523458,27,549.672952
-2.7233515,258,553.842637
11.165786,27,554.373741
0.052126765,19,554.719948
-0.42421496,30,555.339969
11.1267805,36,556.062787
-0.8631785,34,556.849772
-0.363757,14,557.077943
-0.26091617,28,557.540968
-0.61810905,14,557.791862
-0.48997653,20,558.13263
0.16566443,30,558.630004
11.450399,35,559.257864
-0.629236,20,559.619537
-0.2530052,29,560.079607
-0.13596821,24,560.426639
11.294612,45,561.122549
-0.70593846,184,563.962008
-0.38446403,83,565.361721
-0.041888118,19,565.823709
-1.1371894,40,566.437999
-0.3190416,18,566.699955
-0.61093783,20,566.99064
-0.24960202,15,567.225119
-0.6781502,41,567.805684
11.158989,41,568.403584
0.052778363,19,568.684718
-0.20619953,36,569.20097
-0.39016277,27,569.650253
11.078512,27,570.047023
0.1631316,21,570.400284
-0.10275376,18,570.731666
-0.6107342,24,571.107972
11.134305,43,571.726824
-0.32110053,70,578.774988
0.1775335,30,579.241595
-0.30702722,36,579.788002
-0.05989504,30,580.227677
11.101744,24,580.577041
-0.27324623,54,581.384021
-0.080982566,16,581.620726
-0.404872,17,581.87174
-0.12608767,18,582.137254
-0.3078689,28,582.542716
-0.8971573,20,582.838974
-0.18344778,19,583.114641
11.164335,33,583.612875
0.19693601,27,584.009556
-0.61556375,17,584.265222
-0.23896241,18,584.534846
-0.5472668,18,584.804805
-1.0757653,34,585.318967
-1.0850916,37,585.857965
11.378701,31,586.342806
-0.5908698,114,588.042522
-0.6417909,32,588.546151
-0.13231403,30,589.025694
-0.019889593,33,589.522542
-0.3686667,18,589.785732
11.41094,24,590.132673
-0.4100628,32,590.613931
-0.38381463,14,590.818955
-0.5734408,140,592.813703
-0.48276275,26,593.192456
-0.43647534,16,593.434564
-0.39029557,65,594.384812
11.196019,27,594.797732
-0.8966901,28,595.247364
-0.22412342,30,595.703258
-0.59824353,36,596.240706
-0.1159631,27,596.70579
-2.7161088,258,600.749792
-0.6561972,17,601.027014
-0.29107356,29,601.534544
-0.087741256,18,601.834914
-0.53373826,41,602.624951
11.372574,32,603.197921
0.19046807,31,603.726959
-0.61106104,35,604.24483
11.132202,26,604.633671
11.376611,27,605.042591
-0.45200902,15,605.27459
0.019782186,28,605.701712
-0.23292953,29,606.139768
-0.56330335,41,606.740988
-0.7123641,31,607.200667
-0.6298887,38,607.773695
11.442969,21,608.085879
-0.14358908,17,608.352525
-0.41883242,136,615.394905
-0.34930766,28,615.798703
0.14153159,29,616.222923
-0.41997188,60,617.087557
-0.77390623,24,617.439481
0.028950453,27,617.829807
-0.41915917,28,618.30387
-0.5192754,54,619.176678
-0.28703576,29,619.633968
-1.0690348,26,620.057906
11.205609,30,620.5005
11.306835,20,620.795771
-0.30303377,29,621.224697
-0.33106714,14,621.448004
-0.7726116,21,621.761899
-0.22753847,18,622.08056
-0.30506927,19,622.361629
-0.70050716,28,622.770964
-0.40940374,21,623.078824
-0.26772803,21,623.38895
-0.04986024,24,623.745761
11.328205,49,624.475284
-0.27214813,43,625.108745
-0.9048003,24,625.471778
11.154164,30,625.920901
-0.55251706,26,626.213826
-0.31957543,13,626.34794
-0.29268712,65,626.948695
11.316671,30,627.21098
11.042328,30,627.512423
-0.21850419,19,627.692664
11.09837,48,628.155584
0.24565268,23,628.377261
-0.17491072,16,628.526903
-0.23144478,22,628.725172
-0.38155818,25,629.001584
11.106244,36,629.35353
0.17597914,22,629.584564
-0.30597812,25,629.807916
-0.11430842,19,629.984782
-0.56146485,16,630.13489
-0.31635237,38,630.582462
-0.17584115,18,630.776638
-0.51810646,21,630.978768
-0.26945615,132,632.257539
11.295949,31,632.546914
-0.05872202,17,632.726923
0.07342005,30,633.001086
-0.16891998,40,633.369942
-0.082114756,25,633.611717
-0.5605526,125,634.746787
11.414889,21,634.938842
-0.32615405,29,635.217653
11.441149,27,635.469503
-0.47860724,42,635.844711
-0.46495503,16,635.999959
0.09938586,27,636.249727
-0.058987737,18,636.450028
-0.36456645,32,636.732743
0.13025856,28,637.02304
-0.41702127,17,637.183869
-1.0998557,55,637.671366
-0.23088288,33,637.956811
0.11356461,29,643.082027
-0.19922698,27,643.332594
-0.025848866,18,643.509132
-0.5409022,24,643.733831
-0.273256,16,643.889784
-0.2519672,20,644.07971
-0.26907897,19,644.255908
-0.73527133,5,644.315651
-0.29231077,33,644.61155
-0.41280246,32,644.921637
-0.19872141,16,645.092804
11.30373,48,645.546942
-2.7095742,258,647.89379
-0.7790266,26,648.131707
-0.29396284,17,648.292025
0.16936374,32,648.57473
11.270195,36,648.896761
-0.719851,38,649.232744
11.225832,34,649.539814
-0.81681514,24,649.77945
-0.20615488,19,649.957676
0.009908676,18,650.133602
-0.43928224,29,650.415457
-0.22494578,57,650.919683
-0.9119617,31,651.221901
-0.09561837,30,651.496001
-0.04181552,21,651.697671
0.213323,25,651.925979
-0.20144075,28,652.186964
0.0070000887,19,652.363801
-0.45425767,26,652.605086
-0.22382051,19,652.783651
11.325722,31,653.059379
-0.059447408,20,653.261744
-0.64032406,49,653.685903
11.159965,32,653.998809
-0.2144233,29,654.273697
11.208016,32,654.562543
11.387445,32,654.86362
-0.65974116,16,655.01898
-0.67016006,15,655.169794
-0.21801662,26,655.41172
11.4167385,25,655.634926
-0.13450593,18,655.807301
-0.337089,28,656.056773
0.06082523,27,656.300693
11.463259,25,656.533856
-0.62596667,33,656.830738
-0.15310872,19,657.012311
-2.625548,258,659.293751
11.187003,32,659.607594
-0.1821602,27,659.858659
-0.23890644,26,660.091978
-0.5025763,15,660.232095
-0.26934314,29,660.497783
-0.34719765,28,660.769792
-0.19145906,16,660.929762
-0.36788082,19,661.114377
-0.3868513,72,661.795787
-0.34753543,38,666.36087
-1.1443571,30,666.652305
-0.19891602,22,666.86904
-0.3730812,15,667.030627
11.156488,27,667.291629
-1.0349419,45,667.715684
-0.33382362,18,667.88267
-0.26043624,19,668.076881
11.241799,42,668.510895
-0.7639394,26,668.758798
-0.20940155,26,669.005881
-0.7883627,34,669.315745
11.458238,30,669.587287
11.322433,21,669.787886
-0.3638627,36,670.110739
11.430215,36,670.447116
-0.046085,18,670.620613
11.276264,32,670.97782
11.290728,29,671.330746
-0.8275759,30,671.766754
-0.5431468,17,671.965406
-0.37468743,45,672.482679
-0.21583068,47,672.951726
11.317769,39,673.323712
-0.2841974,22,673.535615
-0.17935532,30,673.812902
0.014542222,34,674.121719
-0.4240262,29,674.381657
11.033876,28,674.653745
-0.38001466,65,675.241704
-0.41829503,68,675.839982
-0.38254285,18,676.009699
-0.18325275,19,676.18361
-0.22798848,16,676.336977
-0.1543119,19,676.509956
11.202089,30,676.816753
-0.43488878,26,677.056298
-1.1958499,73,677.733109
-0.0931195,31,678.019747
-0.36136103,50,678.469818
-0.090347946,26,678.711788
-0.8234544,22,678.911898
0.032276034,29,679.172592
-0.082426965,17,679.330812
-0.063382745,28,679.587569
-0.42110926,18,679.760807
11.374458,35,680.077097
-0.17741495,18,680.251609
-0.50722086,21,680.446748
11.383718,29,680.704721
-0.3277796,19,680.890518
-0.8914062,16,681.050791
-0.24179351,90,681.83973
-0.34016067,35,682.149955
-0.37347132,33,682.447967
-0.08483207,35,682.757144
0.033897042,24,682.972676
-0.3984462,26,683.217853
-0.4614768,110,684.267295
-0.045274794,18,684.431777
-0.30470288,18,684.612877
-0.3747806,76,685.255907
-0.17607635,43,689.4565
-0.09124184,30,689.716878
-1.0052817,43,690.095565
0.16328263,27,690.352987
-0.4718693,23,690.578821
11.207241,29,690.851564
-0.3350727,24,691.077548
-0.15707177,27,691.31559
11.15748,31,691.612648
11.311823,31,691.896925
-0.39472437,15,692.044915
11.220346,30,692.314688
-0.67063266,21,692.516963
11.217492,38,692.859079
-0.26683027,16,693.017744
-1.0466177,25,693.259067
-0.08134043,18,693.425673
-0.40657973,15,693.566549
-0.6474706,34,693.869962
-0.33137792,32,694.155894
11.417911,27,694.397984
-0.2345838,27,694.65485
-0.57719815,14,694.789456
11.421441,25,695.028037
-0.65699476,39,695.381958
0.054976225,20,695.564105
-0.19499922,15,695.729945
-0.1882549,33,696.01922
-0.42020702,26,696.257863
-0.2706439,22,696.471014
-0.39353675,24,696.68794
-0.3451599,25,696.916991
-0.2864254,22,697.124043
-0.037375927,26,697.364954
-0.14406168,61,697.903563
-0.24900073,18,698.069961
11.182923,30,698.34203
-0.9832182,40,698.708729
-0.5237447,27,698.957673
0.035375357,31,699.253582
-0.1792286,24,699.480802
-0.14896542,19,699.663624
11.352191,27,699.914757
11.423705,31,700.21274
0.022681236,19,700.414621
-0.36514652,33,700.705528
-0.184712,31,700.985159
-0.1731019,16,701.136904
-0.1345737,18,701.311751
-0.7064059,25,701.566971
-0.95971596,25,701.79663
-0.4542476,15,701.94137
11.322137,24,702.192517
0.22469401,36,702.519196
-0.66919,29,702.778995
0.014003038,30,703.047202
-0.361139,40,703.404757
-0.3273692,28,703.66204
-0.4575191,39,704.001883
-0.6940172,24,704.237577
-0.32821083,19,704.434854
-0.11330986,19,704.613432
-0.30574036,25,704.837938
-0.5223801,18,705.007549
-0.24928313,29,705.302608
-0.22972745,15,705.447956
-0.44962662,26,705.688323
11.209635,29,705.979728
11.293248,23,706.194726
-0.8095592,26,706.452899
0.33195364,34,706.755653
0.18369997,22,706.957793
0.026671767,30,707.242603
0.0031764507,29,707.524525
-0.47706062,25,707.750582
-0.58842015,19,707.927654
-0.453691,40,708.283433
-0.35924894,33,712.242008
-0.041634798,23,712.451275
-0.5528373,107,713.393664
-0.28678066,22,713.599799
-0.83690107,29,713.859531
-0.24122888,22,714.063659
-0.6313052,20,714.251006
-0.91048336,24,714.479172
0.027640104,27,714.726131
-0.7250497,165,716.154328
-0.43206567,27,716.419693
-0.09964204,19,716.59693
11.233571,27,716.848946
0.08419502,29,717.119315
-0.15608025,27,717.36929
-0.68230844,19,717.549816
11.429113,27,717.804136
11.134314,39,718.160004
-0.19625866,25,718.392529
-0.51736045,130,719.546526
11.359705,35,719.8664
0.07324731,37,720.224971
-0.4694476,16,720.375674
-0.49729615,38,720.729566
11.392723,28,720.991693
-0.015952706,19,721.186553
-0.4475767,54,721.67465
11.151003,74,722.350559
-0.22885364,27,722.620627
-0.5611539,39,722.962691
-0.08087933,24,723.179754
-0.41484743,21,723.374872
-0.42078894,25,723.606889
11.133725,26,723.847858
-0.6855453,26,724.097707
-0.07914519,21,724.287592
-0.064736545,30,724.571011
-0.2346034,14,724.704967
-0.85647976,16,724.859632
-0.3747148,29,725.139407
0.30633688,32,725.457536
11.249285,42,725.832981
-0.35963184,22,726.056117
-0.89239717,40,726.43769
11.209622,30,726.71288
-0.21138859,18,726.887012
11.225318,28,727.14107
-1.094844,45,727.549127
-0.13529843,30,727.815444
-0.5190564,18,727.986995
-0.29726595,35,728.301881
-0.30514437,64,728.893733
-0.17113382,17,729.056713
-0.015637636,30,729.319593
11.393726,29,729.612139
-0.3901531,17,729.776556
11.372743,31,730.056727
11.299122,33,730.373638
-0.4987833,35,730.706822
-0.75228137,16,730.858822
-0.7065158,27,734.973506
0.1876601,24,735.191541
-0.10580474,18,735.377272
-0.34455365,25,735.607413
-0.50910145,28,735.885607
0.19736648,23,736.101805
-0.7270109,24,736.344793
-0.20278198,20,736.529877
-0.20658112,35,736.844017
11.267086,27,737.097651
-0.28157943,15,737.259217
-0.16900498,15,737.41066
-0.43599927,16,737.569928
-0.011175394,19,737.780567
-0.430786,15,737.921957
-0.5277502,26,738.154974
-0.07324672,19,738.338254
-0.5872908,15,738.48963
-0.34994143,18,738.659824
-0.019156575,18,738.844669
-0.49309176,65,739.419715
0.06925368,31,739.703723
-0.3299033,32,740.012746
-0.3139606,58,740.531669
-0.01385355,19,740.712112
-0.3627512,16,740.893584
-0.5218216,34,741.199575
-0.10641754,23,741.415801
-1.0648794,26,741.659172
-0.85876644,34,741.966672
11.245502,22,742.172851
0.10468078,30,742.450605
-0.055348635,30,742.741729
-0.2778489,53,743.221951
11.298802,25,743.446895
0.029541373,21,743.667709
-0.55679685,48,744.09191
0.046943307,27,744.351656
-0.53181994,31,744.641741
-1.0625799,32,744.943653
-0.88513684,29,745.213575
11.179472,35,745.5336
-0.50325096,15,745.677222
0.13021255,26,745.912439
0.13223767,29,746.174324
-0.2849869,27,746.413559
11.129381,25,746.649186
-0.14724576,18,746.827518
-0.44762224,54,747.309948
-0.19954205,31,747.6234
-0.23323256,16,747.775739
-0.89894557,32,748.06949
0.24790585,35,748.394867
-0.11104965,35,748.71661
-0.21947974,29,748.979766
11.3947,25,749.210712
11.21618,40,749.579577
11.271277,24,749.802639
-0.35910946,22,750.015357
-0.21522164,27,750.25571
-0.34040684,15,750.40176
-0.3487174,27,750.654887
11.279495,31,750.933988
-0.12914574,30,751.217547
-0.57008797,30,751.509891
-0.51462144,19,751.687559
-0.4056738,92,752.495507
-0.34845728,25,752.744722
0.06298339,30,753.035114
-0.25567317,18,753.207758
-0.20440012,25,753.434821
-0.82472754,31,753.752274
-0.2411623,17,753.928779
-0.09613001,27,757.996009
0.06737232,28,758.249764
11.409368,26,758.491724
-0.4221195,31,758.782597
11.134787,35,759.096812
-0.79279447,26,759.346363
11.411149,26,759.613949
-0.4259746,25,759.843715
-0.6989618,24,760.066741
-0.35455382,17,760.236747
-0.21068144,16,760.404031
-0.2180472,37,760.748886
-0.7980546,30,761.037097
-0.32795525,21,761.227802
-0.5106564,18,761.395916
-0.101227164,18,761.571869
-0.28415823,39,761.957071
-0.24445891,28,762.247626
11.1404,26,762.517124
-0.21840411,26,762.751808
-0.52588147,21,762.948055
-0.102680266,24,763.168059
-1.2127323,128,764.28708
-0.539734,35,764.614646
-0.049583495,18,764.784565
-1.1294932,28,765.045938
11.090065,23,765.261974
-0.42980605,27,765.514654
11.238629,23,765.755728
-0.33640456,40,766.115041
11.131103,25,766.354358
0.021470547,24,766.578744
-0.31314552,26,766.815595
-0.1486299,22,767.034605
-0.22992778,31,767.325995
11.293312,24,767.58575
-1.0780423,52,768.053569
11.148889,79,768.773067
11.158223,27,769.040567
11.103519,29,769.311771
11.305522,28,769.584616
-0.31572187,30,769.862014
11.372974,26,770.102126
-0.46053517,57,770.637372
-0.008891702,18,770.81661
-0.004305005,23,771.029756
-0.006799817,25,771.257226
-0.086752534,30,771.552318
-0.36774337,18,771.722545
-0.43650872,16,771.878784
0.086993575,30,772.17336
-0.39195156,17,772.340744
-0.2635635,18,772.516836
-0.27133763,40,772.885576
-0.16868156,18,773.084725
-0.16043544,29,773.350323
-0.4825148,16,773.506941
-0.31021494,16,773.661871
0.041547537,30,773.935704
-0.2907942,21,774.133989
-0.21383268,29,774.404578
11.143847,31,774.692453
-0.6840684,18,774.869658
-0.28284287,19,775.050791
-0.24793404,51,775.507877
11.115812,35,775.854585
-0.18930387,31,776.184533
-0.5947977,16,776.365005
-0.28058064,27,776.62389
-0.20193952,18,776.802757
-0.38499182,13,776.937881
11.302592,27,777.18886
-0.11903238,18,781.091788
0.08466041,24,781.305255
-0.8308892,35,781.624902
-0.08946651,19,781.802709
-0.14864057,31,782.092216
11.278237,38,782.434991
0.002537489,25,782.672119
11.117865,24,782.889661
11.272142,30,783.170348
0.15128863,32,783.466223
-0.13118547,62,784.020958
-0.7541384,21,784.219638
-0.332873,28,784.475518
-0.3853873,19,784.655792
11.180795,27,784.915751
-0.8848497,39,785.273701
0.072164655,26,785.517777
11.124662,25,785.74883
-0.3477441,18,785.924965
0.07226622,20,786.111063
-0.07703513,23,786.33157
-0.34285653,24,786.55059
-0.2112838,16,786.704687
-0.045617998,27,786.952252
-0.24048221,30,787.22993
-0.7310851,29,787.495084
-0.09287685,30,787.769817
0.07514095,23,787.984828
-0.34825975,27,788.23294
-0.22473794,64,788.82667
-0.1655944,17,788.995619
-0.28224623,25,789.226664
-0.10182822,17,789.391843
-0.44775993,18,789.574961
-0.39638644,17,789.739655
11.350037,29,790.018981
11.366346,27,790.294663
-0.41094404,19,790.47641
0.07673144,24,790.70208
-0.49639267,17,790.868772
-0.2826408,41,791.25763
11.305357,30,791.535666
-0.4261849,19,791.721564
-0.4047898,31,792.005905
-0.07909721,21,792.20062
-0.1905675,16,792.357196
-0.32616776,18,792.525675
-0.35581833,27,792.778561
-0.063694954,19,792.960659
-0.34240848,22,793.164729
0.0977695,27,793.419936
-0.28005266,22,793.631703
-0.019035578,29,793.895894
-0.20201862,32,794.190531
-0.25876766,15,794.335616
-0.30867642,18,794.507999
-0.67596054,4,794.562869
-0.23468018,25,794.797009
-0.3041234,26,795.037943
-0.19019675,19,795.220638
-0.32690918,28,795.48095
-0.26125276,28,795.742575
11.013692,25,795.97191
11.342604,26,796.21954
-0.314889,19,796.407597
-0.5082493,18,796.582188
11.036228,26,796.821538
-0.034418464,20,797.043195
11.076875,24,797.264868
-0.33573735,47,797.713803
-0.7044364,37,798.04778
-0.11084157,20,798.240707
11.135398,25,798.4809
0.080449104,34,798.817733
-0.20393413,22,799.032184
-0.34371495,19,799.221262
-0.30963314,67,799.821726
-0.20168006,28,800.082591
11.272919,28,804.202653
-0.15232861,18,804.380692
-0.6807953,30,804.662468
-2.585733,258,806.99082
-2.5790055,258,809.315026
-0.32674265,16,809.468005
0.11413884,30,809.745993
-0.1555373,18,809.939882
-0.147663,20,810.127814
-0.23327923,23,810.3442
11.203678,19,810.530093
-0.43197393,20,810.722528
11.241446,28,810.980704
11.287292,31,811.273843
-1.0347066,24,811.504677
-0.043445468,21,811.70186
-0.11072445,26,811.964702
11.216382,40,812.405371
-0.086738825,33,812.743713
-0.016727746,26,813.002781
0.04739988,30,813.280886
11.020017,136,814.490818
0.07048476,21,814.69471
-0.26286888,34,815.002702
-0.38820678,34,815.318969
11.200684,27,815.591668
-2.5968041,258,817.884613
0.02341187,28,818.178768
-0.2189703,17,818.351004
11.232,26,818.606607
10.970255,126,819.739699
11.2175865,23,819.967525
-0.22751689,29,820.260533
-0.09125471,18,820.440612
-0.4004206,27,820.713317
-0.37295926,26,820.976763
-0.75706404,26,821.229638
0.21085596,26,821.48665
-0.39551622,16,821.662667
0.14482862,25,821.915534
0.17129982,26,822.159784
-0.2833501,26,822.400917
-0.3420719,24,822.626009
11.049932,34,822.944111
-2.6063135,258,829.057751
11.235079,23,829.291684
11.111841,33,829.605011
-0.6269412,18,829.780809
-0.61298823,17,829.946548
0.0115350485,26,830.196717
-0.23775226,75,830.866987
-0.19493854,33,831.167821
-0.42670757,21,831.364578
-0.39050478,20,831.567211
-0.25589216,17,831.729948
0.024000168,26,831.971892
-1.1737417,57,832.512619
-0.5126041,33,832.821622
11.241998,28,833.079823
11.400991,28,833.358896
-0.53425723,21,833.559532
11.29502,26,833.807245
-0.3303553,18,833.980886
0.03465295,32,834.296636
-0.56601125,30,834.607795
0.034700453,36,834.951843
-0.15847999,25,835.200729
-0.4310624,57,835.733027
-0.06869459,24,835.961122
-0.30460984,24,836.204518
-0.51285607,33,836.505785
-0.3135059,24,836.73737
-1.0532805,27,836.994562
-0.32899338,14,837.132826
-0.4038512,16,837.28517
11.320597,33,837.597963
-0.57370913,14,837.74454
-0.59989035,14,837.882831
0.06160605,27,838.137708
-0.23809439,23,838.362646
-0.32968956,18,838.536478
11.246191,32,838.840522
-0.2850743,18,839.014704
-0.24659294,27,839.26652
-0.16942638,23,839.480719
-1.0068944,30,839.759676
-0.59905016,17,839.941808
-0.40017194,15,840.085727
11.099567,26,840.325001
-0.22126925,25,840.564656
-0.4800688,19,840.752918
11.078048,26,841.02175
-0.49872547,21,841.222799
-0.23046339,26,841.464049
-0.19863534,18,841.637607
-0.37795907,28,841.911597
-0.7352324,15,842.059617
-0.73391026,29,842.33055
11.0263815,25,842.586723
11.136151,27,842.843539
-0.6626507,15,842.998693
-0.13995892,26,843.243816
11.426479,30,843.516437
0.17579937,33,843.860722
-0.7860952,18,844.049994
0.04346192,21,844.254728
-0.05090761,24,844.486859
0.054804325,26,844.740716
-0.111189485,25,844.991707
0.00095295906,20,845.181606
-0.17530847,26,845.425924
-0.66755784,19,845.60871
-0.31644517,41,845.979609
-0.42989236,19,846.159091
11.142408,29,846.439936
-0.32037687,29,850.495806
11.293915,30,850.769524
11.2510605,24,851.056834
11.113793,25,851.294603
-0.17876083,19,851.485539
-0.21042228,16,851.642222
-0.35825562,48,852.078791
11.2909355,25,852.31873
-0.60747606,20,852.520185
0.09993231,33,852.830855
-0.45029593,24,853.080731
-0.12808639,17,853.244687
-0.759257,23,853.461692
0.082169056,31,853.774792
-0.6318872,25,854.021687
11.277426,23,854.260552
11.139168,26,854.508713
-0.22611684,31,854.80273
-0.22429287,23,855.017778
11.223439,21,855.219768
-0.18477654,18,855.398007
0.02457261,29,855.667959
-0.52338696,35,856.006975
-0.37377757,17,856.171596
0.17358804,30,856.470688
0.17898154,34,856.779956
-0.40080762,26,857.02877
11.380359,28,857.316732
-0.33722585,18,857.491762
-0.66777456,35,857.832976
-1.0525863,54,858.33996
0.1049304,33,858.65983
11.241301,31,858.949667
-0.21132016,26,859.211515
-0.593903,20,859.403837
-0.16592634,17,859.604476
-0.22739619,29,859.872866
0.060947478,29,860.142807
-0.11431134,16,860.304677
-0.61470133,41,860.702618
-0.26849836,25,860.940772
-0.56820446,27,861.195727
0.019924521,26,861.44106
0.1021356,26,861.688816
-0.1257596,28,861.960567
-0.17673087,24,862.21189
0.02911508,24,862.441314
-0.23312187,18,862.613968
-0.40032482,22,862.822651
-0.18213427,23,863.044945
-0.30681837,31,863.332824
-0.28571755,21,863.532676
11.337178,25,863.772527
0.12038624,38,864.130467
-0.2822532,37,864.477664
0.030884683,26,864.733792
-0.16350907,28,865.012688
-0.2626245,27,865.277867
0.19951975,27,865.537971
-0.25389194,23,865.767763
0.0461756,28,866.027517
-0.29023212,28,866.291595
-0.053379714,20,866.492364
-0.2271238,26,866.737602
-0.21652019,16,866.897983
-0.2667439,17,867.065305
-0.6137923,41,867.46222
11.29416,27,867.731947
-0.08640653,20,867.936618
11.066474,25,868.19368
-0.17314923,18,868.372657
-0.43102002,31,868.662717
-0.4384145,18,868.837128
11.209818,21,869.04158
-0.08592284,29,869.313789
-0.018747747,19,869.494595
10.989122,27,869.75291
-0.49753463,19,869.941986
-0.30435544,19,870.129681
-0.1073333,20,873.976601
-0.22204643,17,874.136952
-0.119134724,30,874.419934
-0.08334631,16,874.578905
11.082739,30,874.874477
-0.29489928,28,875.139117
-0.22769272,18,875.314716
-0.37020057,28,875.575051
-1.0786119,22,875.790136
-0.03484261,22,875.997542
-0.15531677,19,876.183566
-0.22093713,25,876.419041
0.0540244,21,876.621179
-0.21490365,22,876.833186
-0.09868896,27,877.086555
-0.17699099,24,877.314571
11.165824,34,877.637836
-0.11824608,18,877.832483
-0.33200175,18,878.008523
11.23734,30,878.311552
-0.40545416,43,878.704686
-0.79836607,35,879.026885
-0.29572225,24,879.252894
-0.3578735,25,879.487316
11.096692,31,879.77468
-0.1422965,24,880.008034
-0.40722305,26,880.260816
-0.28520107,47,880.697391
11.255897,30,880.994365
-0.22569472,18,881.194778
-0.23113465,17,881.376847
-0.22458547,23,881.611825
-0.24050939,99,882.514832
-0.23717993,27,882.787515
11.041061,27,883.037708
-0.3014372,28,883.303966
-0.2599643,24,883.531384
11.253114,23,883.749899
11.215164,29,884.026321
11.199951,21,884.235909
-0.45530498,16,884.413534
-1.1763235,60,884.960625
0.018808663,31,885.252921
-0.28142285,15,885.398756
11.179782,41,885.808049
0.16459519,31,886.127555
-0.05896324,20,886.317575
-0.19730604,24,886.547683
-0.20507824,22,886.760358
-0.2850129,25,886.997356
11.231419,24,887.246896
-0.5060642,31,887.571514
-1.0291884,40,887.944734
-0.2224167,17,888.135739
-0.33390832,18,888.311825
-1.0103562,55,888.814742
-0.24718976,22,889.024801
-0.104013026,27,889.275694
-0.31008828,24,889.501709
11.046563,32,889.804095
-0.18557477,18,889.990719
0.060881615,24,890.222599
-0.56149447,27,890.504587
0.011158705,29,890.784839
-0.15701115,17,890.959014
-0.5145194,20,891.157595
-0.040028214,18,891.332677
11.120525,37,891.692735
-0.24059606,24,891.928771
11.378085,30,892.213801
-0.3182733,23,892.443853
-0.6915894,31,892.744946
-0.16652519,19,892.931556
-0.34523004,19,893.118016
-0.32173288,23,893.341608
0.07355207,29,893.620829
-0.31199986,52,897.884274
-0.79809034,25,898.121403
-0.29037225,28,898.3926
0.06901014,26,898.650634
-0.1608668,28,898.914565
-0.22952688,31,899.226709
11.165066,30,899.509774
0.08286196,30,899.797949
11.234674,24,900.029955
11.212011,37,900.379481
-0.06563282,32,900.690533
-0.045622766,18,900.866877
-0.39175248,13,901.004706
10.986391,25,901.252738
-0.30293888,26,901.543664
-0.0948261,26,901.816499
-0.18579924,25,902.093629
-0.045874417,20,902.312938
11.300606,24,902.575796
-0.51653296,15,902.740601
11.318022,26,902.999519
11.294498,25,903.256945
-0.06871611,23,903.502255
0.20357853,22,903.737099
-0.26947773,17,903.906952
-0.47512883,18,904.092545
-0.2220571,26,904.343813
-0.34927982,27,904.616844
-0.2408989,35,904.963746
-0.6094023,18,905.156598
-0.054949164,29,905.429554
0.09968066,22,905.639076
-0.08087337,24,905.886754
-0.2667402,30,906.19644
-0.65723675,28,906.472998
-0.34705877,17,906.647487
-0.1685167,20,906.867634
0.10524833,31,907.15603
-0.29449338,18,907.336737
11.208795,23,907.572973
-0.2415933,53,908.105002
11.221102,24,908.334704
-0.29501086,19,908.53535
-0.798386,19,908.724292
11.192331,37,909.071577
0.07680833,57,909.613584
11.300615,28,909.877613
-0.117028475,21,910.081869
-0.3762058,21,910.303888
-0.5202937,19,910.489141
-0.47790056,99,911.381638
-0.010282218,19,911.572957
-0.24483573,27,911.849946
-0.35617203,18,912.05088
-0.29197013,27,912.303864
-0.06971198,20,912.497447
0.24042952,25,912.742327
-0.4216202,18,912.919818
11.048679,29,913.205957
11.336252,31,913.514765
-0.25756294,16,913.68292
-0.3929456,30,913.967651
-0.6095003,23,914.199928
-0.84827507,26,914.457275
0.07007223,28,914.741609
-0.83793116,33,915.054862
-0.061787605,16,915.218998
-1.0358255,45,915.656102
-0.123175144,23,915.90691
-1.1983206,77,916.6669
-0.27873045,30,916.9449
-0.52671945,21,917.146519
-0.006775379,29,917.421662
11.167846,38,921.758983
-0.18114388,25,922.012804
11.271257,28,922.284775
11.106173,34,922.628946
-0.69659364,1,922.660757
11.170566,24,922.907595
-0.25954175,27,923.200644
11.084402,91,924.034609
-0.17133641,37,924.388846
-0.37744486,15,924.54072
-2.3568153,258,926.91216
-0.23722875,23,927.146677
-0.11337149,24,927.376548
11.051963,33,927.735521
11.136094,26,928.019956
11.306046,26,928.29283
0.11861527,26,928.549462
10.974631,22,928.76761
-0.24257004,24,929.004899
-0.32146132,19,929.190769
11.171503,32,929.495631
-0.18582058,19,929.692424
11.382001,23,929.921652
-0.9783448,40,930.305504
-1.0786242,68,930.94387
-0.2872877,69,931.5791
-0.18296641,29,931.855703
0.09929663,21,932.060777
-0.23057324,61,932.623644
-0.027374089,29,932.899538
11.037975,24,933.146949
-0.27882564,18,933.327181
11.058464,24,933.5816
-0.40190953,22,933.797762
11.243345,32,934.098092
-0.20503569,19,934.290781
-0.20358044,17,934.454995
11.190567,32,934.759949
-0.37430853,26,935.016513
-0.52323484,19,935.203102
0.1274733,21,935.411502
-0.96784586,53,935.937916
-0.8905013,59,936.483317
-0.28315955,17,936.660016
-0.08371979,29,936.971757
-0.068887115,30,937.265701
-0.37728024,35,937.632724
-0.27855724,28,937.936683
11.100576,25,938.19501
-0.2891389,19,938.399888
-0.06992179,23,938.646682
0.18570566,28,938.917957
0.14845598,31,939.212574
-1.0173268,24,939.445907
11.130169,29,939.725513
-2.4741178,258,945.754933
0.20634985,27,946.014664
-0.3861993,58,946.54708
-0.090610325,19,946.742966
-0.09755069,18,946.947722
-0.903744,45,947.375422
-0.31030458,32,947.69162
0.23240018,28,947.962751
-0.23149896,18,948.145283
11.323527,26,948.395694
11.214785,22,948.617736
-0.21340656,25,948.892653
-0.050319612,22,949.105429
-0.40306383,17,949.281833
-0.34662074,15,949.441638
11.0012455,32,949.757628
-0.34747654,20,949.982893
11.072447,26,950.240949
-0.19655299,17,950.431778
-0.30728906,21,950.649961
-0.44347543,27,950.91567
-0.24085218,16,951.127814
11.25813,26,951.38891
-0.31295592,19,951.602624
-0.24866074,40,951.984543
-0.14652503,15,952.143919
-0.1556524,27,952.419884
-0.18049896,15,952.59108
-0.35267335,18,952.777069
-0.30580366,20,952.975368
-0.16589773,25,953.215911
11.288134,26,953.47061
11.310329,20,953.676624
-0.019089043,20,953.887573
10.978754,23,954.14587
-0.29158002,19,954.384588
-0.46491426,23,954.635976
-0.40088397,23,954.877587
11.227536,21,955.110568
0.19331872,21,955.355742
-0.34122068,18,955.564337
-0.2573896,23,955.816917
0.13636565,26,956.093818
-1.0332078,41,956.517977
-0.29841745,16,956.674695
11.075275,29,956.957494
-0.25732803,20,957.160646
-0.12062836,21,957.369645
-0.3601672,24,957.602756
-0.011539876,24,957.852921
-2.3061762,258,960.472665
-0.21839517,44,960.937891
-0.28630292,29,961.221647
-0.25119168,29,961.524887
11.272901,30,961.818851
-0.24055165,19,962.019225
11.190258,24,962.381675
-0.46409917,19,962.67215
-0.54313517,27,963.153699
11.139461,28,963.579709
-0.31480646,29,964.03463
11.209392,23,964.387779
0.032351017,29,964.83815
0.0131313205,25,965.210654
-0.296735,44,965.876755
0.029346585,31,966.352892
-0.12531191,21,966.667298
-0.4665321,28,967.085512
11.140556,32,967.573535
-0.04900253,23,967.936656
-0.13540465,17,968.205703
-0.14111102,27,976.41701
11.049299,24,976.733469
-0.34209102,22,977.108005
-0.5132048,145,978.657672
-0.29642767,26,978.969794
11.140621,30,979.287471
-0.2860766,17,979.517074
-0.06382984,27,979.85588
-0.30824208,35,980.331893
-0.50621635,22,980.569897
-0.5411008,29,980.869689
-0.7764511,21,981.087636
-0.44352347,25,981.336046
10.937083,30,981.65785
-0.33778405,42,982.064464
-0.69627976,25,982.321537
-0.3137958,13,982.468844
-0.33126926,14,982.617093
-0.25010413,17,982.801594
-0.14303434,22,983.014952
-0.19896972,22,983.235187
11.2614565,26,983.482248
0.027838826,34,983.8051
0.073025584,30,984.126643
-0.32867098,35,984.562946
0.07182753,37,984.996353
-0.30490166,84,985.947505
-0.66959137,32,986.365637
-0.35743856,15,986.545832
-0.5420376,16,986.733877
-0.73843074,19,986.939857
-0.24550003,26,987.243528
-0.7666116,23,987.464335
-0.60396993,17,987.633682
-0.23706204,25,988.007411
-0.24244416,23,988.3636
-2.6178503,258,992.195727
11.148592,37,992.751699
-0.34333932,25,993.134849
11.003732,28,993.573662
-0.29241693,45,994.26337
11.074185,27,994.685808
-0.35116094,16,994.963643
-0.19022512,18,995.266478
-0.36652058,25,995.689139
-0.26757008,21,996.033832
11.062349,26,996.449973
-0.71685433,25,996.855714
-0.16940099,16,997.101685
-0.030156016,29,997.544877
0.10587525,22,997.883675
-0.44108272,19,998.169982
-0.036374867,21,998.488662
11.108381,26,998.885857
-0.12943071,17,999.166906
11.185024,27,999.577757
-0.019264996,28,1000.004366
-0.51534915,18,1000.285619
-0.3695649,13,1000.496789
-0.23375034,21,1000.819766
11.217984,46,1001.516788
10.0,1,1001.547789
-0.16058958,22,1001.891517
-0.1303522,27,1002.306815
11.257802,26,1002.710893
11.145511,22,1003.07975
11.094612,54,1013.624989
-0.65217876,18,1013.926444
-0.18905485,25,1014.322681
-0.3312227,23,1014.687671
-0.64862037,39,1015.287568
11.331476,32,1015.790743
-0.38773412,22,1016.145663
-0.34204,26,1016.555987
-0.9158435,40,1017.194718
-0.32470983,43,1017.882745
-0.17097288,25,1018.274522
-0.22768408,46,1018.977658
-0.057141483,28,1019.412699
11.160742,24,1019.799543
-0.21859914,17,1020.077689
11.187874,28,1020.514859
-0.5877602,37,1021.090664
-0.14796126,17,1021.361717
0.04969901,28,1021.806355
-0.17704463,25,1022.200688
-0.31861693,26,1022.613846
-1.0330484,49,1023.382788
-0.98093814,40,1023.992659
-0.54028225,26,1024.405682
0.14878905,26,1024.844599
0.14469129,30,1025.309599
-0.2762131,14,1025.572794
11.088779,29,1026.185567
-0.25440586,15,1026.485996
-1.029289,48,1027.354823
0.05584693,20,1027.682565
0.043155074,28,1028.11292
10.975822,29,1028.560662
10.984287,23,1028.924226
-2.3834457,258,1032.786788
-0.34197503,21,1033.116376
-0.3812701,26,1033.513118
0.028419971,23,1033.866737
0.03161788,25,1034.261689
10.949412,27,1034.685755
-0.61884236,49,1035.427378
-0.13836628,19,1035.732228
-0.34546065,17,1036.024179
11.0532255,23,1036.390771
0.2020579,24,1036.76975
-0.31315494,19,1037.069403
-0.26590973,44,1037.739959
0.064544976,30,1038.197792
0.044113398,28,1038.621013
10.970841,94,1040.09563
-0.5360111,14,1040.359555
-0.3183543,23,1040.787116
11.256833,33,1041.33662
-0.35325664,26,1041.761676
0.17007858,22,1042.147855
11.01403,26,1042.565599
11.1569605,20,1042.938804
-0.36726707,32,1043.460714
-1.4154309,258,1052.435916
-0.5022769,29,1052.880756
11.162027,32,1053.381043
-0.06001854,62,1054.339781
0.04616654,30,1054.792727
-2.429071,258,1058.692909
-0.40718406,28,1059.179746
-0.039284766,29,1059.649554
-0.23219216,18,1059.997804
-0.6300235,194,1063.135758
-0.5997919,48,1063.974656
-0.018828154,20,1064.316753
-0.38248885,17,1064.593173
-0.54308724,19,1064.892676
-0.17313474,17,1065.166923
-0.30168903,18,1065.452732
-0.36398095,15,1065.687701
0.0013076067,28,1066.126551
0.08633232,28,1066.55483
-0.350011,34,1067.065238
-0.1680057,39,1067.654459
11.158098,23,1068.008845
-0.68471575,1,1068.043715
-0.30889392,23,1068.399749
-0.6863316,23,1068.759699
-0.17160624,21,1069.090576
-0.28323704,15,1069.329721
-0.388403,24,1069.701699
11.294484,38,1070.279813
10.952774,23,1070.645679
11.163353,23,1071.025747
-0.09046739,29,1071.477609
0.08709544,25,1071.865786
11.113088,23,1072.225588
-0.2945879,32,1072.712459
11.247692,27,1073.124531
-0.26849872,26,1073.547938
-0.34807348,33,1074.057886
0.29062963,36,1074.601775
-1.0727609,23,1074.969769
11.061516,35,1075.534731
0.12071657,25,1075.943743
-0.76455796,29,1076.423598
11.260437,21,1076.761642
-0.18556434,28,1077.191996
-0.19300306,17,1077.471733
-0.5433515,35,1078.006619
-0.6614916,18,1078.301323
-0.15223408,18,1078.591424
0.15402257,30,1079.052682
0.15386796,26,1079.457583
-0.2534753,28,1079.889851
-2.4472184,258,1089.015523
-0.5855553,15,1089.252771
11.133366,25,1089.647612
11.178522,29,1090.098747
11.155351,23,1090.455749
11.216685,27,1090.915719
-0.3850112,28,1091.361701
-0.2964465,15,1091.599557
11.255592,30,1092.073029
11.2035885,29,1092.560342
-0.46210384,31,1093.056671
-0.08543986,26,1093.459224
10.986528,113,1095.224521
-0.6159016,20,1095.539748
-0.3799126,16,1095.789639
-0.28317565,15,1096.031588
-1.0854242,28,1096.461583
-0.24616939,15,1096.707552
-0.3747766,23,1097.06952
-0.76105666,24,1097.475219
0.17423195,30,1097.964606
-0.16303301,21,1098.298007
-0.31109756,26,1098.695757
11.314774,28,1099.121693
-0.31165123,15,1099.383575
-0.7177778,48,1100.115783
-0.15669954,25,1100.507608
-0.22260213,27,1100.925576
0.10328293,22,1101.267602
-0.29386002,27,1101.676636
-0.27299315,26,1102.096082
11.250574,30,1102.635738
0.10569745,22,1103.014607
11.107357,27,1103.453895
-0.045261443,29,1103.91063
-0.29482925,18,1104.192513
-0.36590534,16,1104.454597
-0.33798516,18,1104.747716
-0.18056524,22,1105.092478
-0.21959758,22,1105.439024
0.013023555,21,1105.766605
-0.23798817,26,1106.172671
11.013748,100,1107.713716
-0.042610407,30,1108.197651
-0.30644393,16,1108.454862
11.116019,25,1108.891536
-0.32900476,60,1109.901979
-0.027803242,18,1110.20397
-0.32871616,33,1110.843793
11.231812,34,1111.484938
-0.11650157,18,1111.791023
11.029669,25,1112.204749
-0.3224755,39,1112.875695
11.0809555,62,1113.883548
0.2727604,21,1114.276734
-0.2872367,18,1114.608776
-0.47273326,19,1114.917947
-0.85518134,39,1115.583652
11.022932,24,1116.017774
-0.997526,21,1116.361988
-0.3569004,15,1116.622597
-0.39505607,24,1117.005941
-0.5270087,20,1117.360586
-0.47987264,17,1117.714577
0.08260965,34,1118.265839
11.124933,29,1118.794455
11.11943,28,1119.225687
0.13664204,24,1119.611757
-0.24388355,22,1119.951549
11.0760145,28,1120.385924
-0.5521749,18,1120.671683
0.16656244,26,1121.065009
11.21702,42,1125.762766
-0.37350488,13,1126.012194
-0.9953245,42,1126.67667
-0.0028848648,28,1127.129034
0.19394094,53,1127.953613
-0.17553598,22,1128.295968
-0.8729451,46,1129.005754
-0.372526,25,1129.388842
-0.056075633,17,1129.677534
-0.20529616,39,1130.275782
-0.3523755,24,1130.652353
-0.2160716,22,1131.027792
-0.18035579,17,1131.29492
-2.3165798,258,1135.183971
-1.0969819,28,1135.631709
-0.3050046,24,1136.065926
-0.26624703,35,1136.646879
-0.5775362,32,1137.177719
-0.26756525,51,1137.965908
-0.5477089,14,1138.186541
-0.58934534,16,1138.442974
-0.25194633,28,1138.862935
0.18449777,29,1139.304383
-0.63243794,21,1139.626719
0.15765548,26,1140.048714
-0.87891334,59,1140.944715
11.120103,19,1141.251766
-0.115620375,26,1141.649169
-0.28643692,21,1141.973018
-0.45489454,17,1142.250729
-0.5935342,23,1142.613987
-0.27254885,24,1142.990846
-0.18957818,19,1143.288754
11.071875,35,1143.864013
-0.2665636,25,1144.254518
-0.30255592,26,1144.656571
-0.2727458,25,1145.031783
-0.30626184,23,1145.391587
-0.63062435,4,1145.472542
-0.023599029,17,1145.746722
-0.26564533,15,1145.981781
-2.3672905,258,1149.916619
-0.2730931,24,1150.31205
11.09001,34,1150.821569
-0.36117488,17,1151.102601
-0.40747446,21,1151.431724
-0.3175273,14,1151.651128
11.058821,24,1152.019713
-0.0058628917,24,1152.389993
11.051691,32,1152.891897
-0.27712327,23,1153.297559
11.112663,25,1153.681705
11.16426,29,1154.129348
-0.17714208,18,1154.420696
-0.27471775,24,1154.810534
-0.34557348,23,1155.168766
-0.23629045,21,1155.52077
-0.38681912,126,1160.884363
11.053305,31,1169.054605
0.10995227,32,1173.320601
-2.3892758,258,1207.306255
11.101292,24,1207.765532
-0.2605626,26,1208.164698
-0.07779336,24,1208.552695
11.244374,26,1208.95951
-0.4288733,19,1209.257738
-0.12728465,28,1209.68251
0.08612561,25,1210.075786
11.166389,18,1210.3676
0.20100057,24,1210.748779
-0.23463017,18,1211.037604
0.15304017,34,1211.560866
-0.1608662,30,1212.01663
-0.19031173,15,1212.253718
11.13533,28,1212.700787
-0.20337582,19,1212.999735
-0.4216944,20,1213.321382
11.189692,36,1213.881706
-0.3858655,15,1214.124223
-0.3186276,24,1214.534631
-0.19772696,28,1214.979743
11.142456,36,1215.533004
-0.29492462,27,1215.955531
0.13700914,33,1216.470786
-0.2870164,16,1216.722234
-0.8632643,53,1217.532564
-0.45940143,24,1217.90924
-0.29144704,18,1218.211765
-0.231341,39,1218.821561
-2.3685615,258,1222.74098
-0.047115505,20,1223.058763
-0.19429016,17,1223.333727
-2.314742,258,1227.194693
11.03393,26,1227.59273
-0.2823937,15,1227.850695
-0.61219835,38,1228.429057
-0.22587246,23,1228.784524
11.148008,26,1229.194805
-0.25560856,19,1229.499135
-0.3902753,28,1229.949705
-0.3107804,18,1230.235557
-0.28812104,25,1230.63736
-1.122198,60,1231.550693
11.073731,24,1231.916531
10.974446,26,1232.327076
-0.10963631,18,1232.616724
-0.13843757,25,1233.017046
0.14190322,30,1233.483755
-0.20121592,24,1233.873841
0.22343147,27,1238.412829
-0.6369061,19,1238.695701
0.062349677,25,1239.069477
-0.24199182,38,1239.660898
-0.6271905,39,1240.25733
-0.40334243,21,1240.576628
11.01675,25,1240.98275
0.025701404,18,1241.277001
0.2240228,26,1242.745679
-0.17926317,18,1243.59791
-0.4687338,23,1243.961717
-0.748625,31,1244.457894
10.998192,29,1244.895742
-0.8085399,24,1245.260861
-0.28245497,15,1245.49968
0.030173242,19,1245.791631
-0.21681547,23,1246.017672
-0.50630707,25,1246.257817
11.171869,27,1246.539715
-0.2297557,16,1246.727308
-0.6992229,30,1247.031604
-0.79508865,30,1247.364922
-0.11761141,26,1247.655748
-0.45413297,23,1247.930376
11.021462,24,1248.202907
-0.18273818,22,1248.451631
0.17230201,30,1248.774878
-0.09440553,29,1249.159659
0.024411142,32,1249.544199
0.13137889,26,1249.844877
-0.1892559,19,1250.081536
-0.2004782,27,1250.407637
11.175073,28,1250.712996
11.279184,33,1251.179853
-0.19250715,27,1251.502845
10.935341,25,1251.853917
-0.42672807,119,1253.110513
-0.32285088,20,1253.342702
-0.3518951,18,1253.555544
-0.30159134,39,1254.010881
-0.54234993,17,1254.185179
-0.27889144,13,1254.336737
-0.3956896,27,1254.600644
-0.6142435,176,1256.41067
11.237712,27,1256.716908
-0.5441557,26,1257.01596
-0.114447296,29,1257.332754
-0.10018778,17,1257.517889
-0.5530253,17,1257.72373
11.007186,26,1257.9917
-0.5152687,37,1258.402797
-0.3067873,26,1258.667954
-0.60590744,6,1258.755011
-0.89607614,26,1259.011638
-0.07245815,18,1259.210618
-0.57561845,6,1259.292977
11.194278,42,1259.714368
11.198027,27,1259.985892
-0.12001121,20,1260.193948
-0.6446637,6,1260.270744
11.156689,22,1260.491604
-0.21746671,17,1260.671347
-0.33346415,18,1260.849964
0.08374661,19,1261.039299
-0.28480554,55,1261.557057
-0.15900213,17,1261.740807
11.158694,24,1261.980033
-0.47571033,21,1262.220006
-1.1559689,63,1262.813637
-2.3439887,258,1269.766639
11.166986,24,1270.096709
-0.051436305,18,1270.31289
-1.0241966,44,1270.800431
0.07085407,29,1271.080989
0.07026172,33,1271.39696
-0.31022125,22,1271.65357
-0.38689423,34,1272.00291
0.04177648,25,1272.250832
-0.025823414,29,1272.612899
-0.4425118,25,1272.88875
-0.17345268,27,1273.203789
-0.20005924,27,1273.477611
-1.1104279,68,1274.140201
-0.5807727,39,1274.520925
11.021297,24,1274.783631
-0.4580047,23,1275.01501
-0.018744707,26,1275.270388
-0.6232975,16,1275.439803
-0.8327074,39,1275.819717
-0.14506888,26,1276.074323
-0.23746085,34,1276.413356
11.140473,27,1276.683969
-0.31265604,37,1277.073613
11.275107,30,1277.397592
-0.1841166,23,1277.651628
-0.3485924,25,1277.909062
-0.30446792,66,1278.532723
-0.17831928,49,1279.009673
11.208244,28,1279.290956
-0.48998606,28,1279.579673
-0.12808144,19,1279.78079
-0.60100514,22,1280.027951
11.057759,22,1280.287493
-0.07677537,28,1280.575827
-0.28864628,19,1280.762039
11.0990095,26,1281.033848
-0.24282795,26,1281.311548
-0.4846869,15,1281.475942
-0.30627114,25,1281.725627
-0.21043503,27,1281.982708
-0.7534505,32,1282.288804
-0.20486987,27,1282.589799
-0.18870014,27,1282.869067
-0.33106828,18,1283.050996
0.110247076,51,1283.533679
-0.1720416,26,1283.794325
-0.28828877,40,1284.201589
0.15317398,27,1284.478898
-0.13918841,36,1284.837028
-0.078333974,19,1285.036852
-0.26716375,56,1285.685736
-0.16968083,16,1285.871977
-0.3167712,15,1286.037627
-0.3284685,17,1286.220471
-0.36296237,24,1286.469706
-0.19790775,21,1286.677496
-0.643409,25,1286.924024
0.114791274,34,1287.249646
11.2455635,46,1287.706534
-0.22023696,16,1287.876996
0.09447479,24,1288.170784
-0.38338298,25,1288.583678
-0.2610702,21,1288.956015
10.910851,21,1289.309184
11.28393,27,1289.784272
11.116459,36,1290.346585
-0.09908998,34,1295.566958
0.0469656,27,1295.980608
-0.24251348,29,1296.426765
10.936793,24,1296.799268
-0.66813236,23,1297.167422
-0.19726497,24,1297.549613
-0.2654773,63,1298.514722
0.1937939,32,1299.012688
-0.26060343,22,1299.359659
0.09627855,28,1299.799297
-0.09547454,25,1300.187569
11.248554,27,1300.623964
-0.1394409,19,1300.94263
-0.24774599,25,1301.326586
-2.3571808,258,1305.454992
-0.4040441,34,1305.974615
-0.3253836,16,1306.227898
-0.28236574,19,1306.525591
-0.7598596,19,1306.830529
-0.07359773,18,1307.112546
-0.23536897,21,1307.44637
-0.38154513,28,1307.892633
-0.15264785,25,1308.274774
0.0071394444,24,1308.645703
11.141159,30,1309.103913
0.071237504,22,1309.461878
-0.26043844,26,1309.885852
-0.10182327,25,1310.279241
-0.6583694,3,1310.338999
-0.2999692,27,1310.771162
-0.6608807,24,1311.149725
-0.13121825,19,1311.447339
-0.8268728,44,1312.125658
11.031597,28,1312.560732
-0.12047362,20,1312.874529
-0.16880935,21,1313.215932
0.13123763,24,1313.579702
-0.38998753,18,1313.867961
-0.27200288,14,1314.089229
-2.308309,258,1317.99569
-2.3658874,258,1321.991646
-0.98979545,38,1322.583246
11.240218,26,1322.987657
10.987164,28,1323.438679
-0.38122058,25,1323.84159
11.122911,32,1324.33383
11.098671,27,1324.773402
-0.2593075,24,1325.162713
0.023317158,25,1325.557626
-0.49064827,29,1326.01389
0.18464196,34,1326.545734
-0.46943384,17,1326.812065
-0.3775525,30,1331.489731
0.15538359,24,1331.864336
-1.1481164,71,1332.951757
11.297703,30,1333.423729
-0.4231521,38,1334.030524
11.159773,29,1334.473566
-0.06377953,26,1334.880786
11.288647,47,1335.609112
-0.40855157,28,1336.064873
-0.11348903,18,1336.369832
0.20730048,25,1336.759724
-0.9631145,27,1337.175851
-0.40302104,35,1337.718786
11.039056,25,1338.112678
-0.29479533,15,1338.35971
-0.28255934,24,1338.736548
-0.29230636,19,1339.034729
-0.33057952,27,1339.449728
-0.07818395,21,1339.799978
11.123751,18,1340.085757
-0.4222563,27,1340.501641
-0.2546276,24,1340.877809
-1.1041293,27,1341.305923
-0.37913543,18,1341.601654
-0.18007046,21,1341.935755
-1.1068288,75,1343.112652
0.2524001,23,1343.492826
11.108675,26,1343.918032
11.091735,22,1344.268884
-0.65972394,31,1344.761628
-0.38475382,24,1345.140657
-0.18652046,22,1345.503685
11.020995,25,1345.900845
-1.461036,54,1346.724957
-0.12447727,19,1347.027792
0.13229018,22,1347.378967
-0.25194746,17,1347.655531
0.0333544,27,1348.082991
-0.995165,54,1348.919573
-0.22218877,24,1349.297698
-0.1970427,35,1349.852811
-0.81556445,28,1350.314763
-0.25421613,21,1350.653367
11.139301,30,1351.115718
11.137942,32,1351.633526
-0.1939137,15,1351.876892
-0.3384356,17,1352.149217
-0.42535448,32,1352.663931
-0.18978214,16,1352.919704
-0.18872857,25,1353.315713
-0.22541612,17,1353.610637
-0.3367905,27,1354.027572
-0.25287563,25,1354.410961
-0.26529145,28,1354.861676
11.176792,26,1355.268755
-0.07272792,25,1355.659675
0.02474749,27,1356.072751
-0.17453784,28,1356.513579
-0.17570448,18,1356.815678
-0.07593584,22,1357.167832
-0.73435056,47,1357.894666
-0.23001617,25,1358.290932
11.155687,25,1358.681544
-0.0496822,27,1359.102833
11.201707,25,1359.495775
-0.5319557,20,1359.815721
-0.30108136,29,1360.271939
-0.81744224,32,1360.809036
-0.19746798,29,1361.262623
0.12459105,28,1361.714695
-0.12147045,41,1362.351953
10.972782,25,1362.734718
-0.15312022,27,1363.174527
-0.24770671,77,1368.994681
0.045266867,26,1369.393933
-0.34646034,24,1369.768957
11.15683,25,1370.173585
-0.31980127,27,1370.604981
-0.50803316,18,1370.884808
0.19365239,24,1371.264942
-0.34422946,29,1371.725827
-0.32057858,45,1372.437918
-0.29845262,17,1372.713861
0.116675615,26,1373.126779
-0.05294037,33,1373.669701
-0.5589331,13,1373.874441
-0.29832542,20,1374.232709
0.16736174,34,1374.779406
11.023017,33,1375.306666
-0.3873952,22,1375.809906
-0.20158172,20,1376.142865
-0.49254796,15,1376.394808
0.101828754,31,1376.893931
-0.18982106,16,1377.151697
-0.45548004,24,1377.532798
-0.50174874,13,1377.750627
-0.33479828,37,1378.325849
11.254312,31,1378.824718
-0.49364984,22,1379.178809
-0.4441203,33,1379.696781
-0.12007654,19,1379.993786
11.129928,27,1380.429162
-0.20241308,28,1380.880371
-0.59490126,26,1381.301731
-0.09566492,30,1381.777786
-2.3876681,258,1385.766635
-0.2466712,48,1386.509399
-0.1348297,19,1386.808866
-0.24750382,22,1387.147232
-0.7843469,31,1387.646401
-0.5388845,21,1387.977735
11.0982685,25,1388.36298
0.048811197,27,1391.854685
-0.6542943,18,1394.2542
-2.369121,258,1409.370589
-0.8501691,41,1410.005743
-0.18986022,24,1410.401019
-0.3286718,18,1410.685652
-0.69863486,5,1410.781796
0.0864678,31,1411.269922
-0.21305507,16,1411.53292
11.259402,27,1411.959149
0.13298333,34,1412.48481
11.240407,49,1413.259003
-0.12007421,19,1413.55874
11.218791,27,1415.879555
-0.3770107,27,1419.480608
-0.4347667,32,1423.749234
-0.16193068,23,1426.813872
11.184303,33,1431.213598
10.958267,25,1434.546573
-0.34206295,25,1437.880758
11.147422,28,1441.614555
-0.20487338,20,1446.563076
11.057277,28,1450.300469
-0.16794235,26,1453.766603
0.09294766,30,1457.764809
11.218058,30,1461.767768
-0.31631857,24,1464.964719
-0.3179282,19,1467.496616
0.10146421,32,1471.763645
-0.0321483,30,1475.763624
-0.8723774,45,1480.127645
-0.29729402,19,1480.429337
0.08522177,23,1480.885135
-0.28759617,15,1481.125781
-0.16751581,23,1481.491311
-0.36161363,17,1481.807392
-0.25543183,46,1482.533745
-0.255857,16,1482.799659
-0.59269893,37,1483.371908
-0.09677255,24,1483.754711
0.33378357,47,1484.4973
11.105034,31,1484.992913
11.183135,31,1485.487579
-0.47499847,16,1485.746635
-0.211829,27,1486.172787
11.167677,18,1486.463672
-0.14316136,16,1486.729717
0.020558953,33,1487.255299
11.171424,35,1487.793625
-0.04291004,19,1488.089931
-0.21491814,27,1488.507582
-0.5115323,22,1488.865729
-0.18591398,38,1489.453493
-0.1266045,24,1489.8413
10.97257,26,1490.269605
11.026428,26,1490.672665
-0.2221123,16,1490.931893
-0.34519988,14,1491.153183
11.171841,35,1491.698769
11.109049,26,1492.122864
11.06939,25,1492.54384
-0.30151588,25,1492.957641
-0.2375285,26,1493.37283
0.036478758,29,1493.825004
-0.17659539,33,1494.347407
-0.36046642,24,1494.711683
-0.15015519,16,1494.965831
-0.46011215,20,1495.280763
-0.11145759,24,1495.667532
-0.55092067,18,1495.955567
-0.1885482,22,1496.309697
11.293016,47,1497.036706
-0.2940492,22,1497.38979
0.15609968,27,1497.817882
-0.1832217,26,1498.234023
-0.4003101,19,1498.533689
-0.3089149,25,1498.934657
-0.042633355,18,1499.224962
11.10922,18,1499.511015
0.0065285563,24,1499.882699
-0.34026176,22,1500.236742
-0.18172711,17,1500.509721
-0.25543392,17,1500.775985
-0.36887163,106,1502.42567
0.046960473,30,1502.801935
-0.21190125,19,1503.024615
-0.5446222,21,1503.327713
-0.15181899,16,1503.590919
-0.8490797,33,1504.117406
0.14161235,24,1504.498
0.11628592,31,1505.006924
-0.27937663,24,1505.386044
10.931148,26,1505.807885
-0.29245597,46,1506.554883
-0.4418785,17,1506.837742
-0.38794798,14,1507.067701
-0.8915691,21,1507.421805
-0.12856978,17,1507.696382
-0.7525906,39,1513.402818
-0.19460154,29,1513.833604
0.18280065,35,1514.379164
11.054461,26,1514.783609
-0.50626993,49,1515.554129
10.996841,95,1517.032635
11.162673,23,1517.425666
-0.053108335,22,1517.779974
11.131459,29,1518.233078
-0.16123098,17,1518.512968
-0.03491062,27,1518.966757
-0.3057719,22,1519.31273
-0.24423873,36,1519.876671
-0.54256856,18,1520.167559
11.222538,27,1520.585673
11.213498,48,1521.340848
-0.47617477,18,1521.632738
-0.11827564,17,1521.909638
11.147146,27,1522.34564
-0.79742426,28,1522.801764
0.28632885,32,1523.30979
11.28319,26,1523.713992
-0.34521562,14,1523.950742
-0.24829006,20,1524.273528
-0.15015286,19,1525.353994
11.061973,26,1525.761014
-0.32212812,55,1526.529702
-0.7090048,23,1526.7909
-1.001489,26,1527.053987
-0.21007836,22,1527.281687
-0.25963712,28,1527.587595
-1.0022786,51,1528.084625
-0.31945366,38,1528.456739
-0.34067988,24,1528.708705
11.256133,26,1528.964974
11.029621,24,1529.215628
-0.16453207,21,1529.437236
0.11155194,45,1529.906974
-0.49605185,21,1530.15086
-0.38034606,21,1530.413921
-0.37185085,16,1530.604563
0.12622142,29,1530.911223
-0.26983005,26,1531.210547
-0.24938595,18,1531.427704
-0.5671544,18,1531.634969
11.092262,23,1531.897333
-0.09153533,24,1532.246622
-0.2055332,23,1532.499769
-0.025230408,26,1532.796842
-0.70567137,29,1533.110791
-0.15572816,22,1533.345909
-0.005869627,17,1533.536912
-0.24508053,19,1533.736753
-0.3178373,17,1533.929577
-0.31002146,22,1534.211882
11.152638,37,1534.633357
-0.095354855,21,1534.92482
11.115812,29,1535.265937
-0.1728847,23,1535.541542
-0.22907847,32,1535.909494
-0.6280687,17,1536.113515
-0.39536273,25,1536.385788
11.245817,26,1536.651524
11.113827,27,1536.936714
11.153784,24,1537.195458
11.210405,39,1537.616845
-0.17473435,23,1537.877376
-0.20927888,31,1538.199892
0.0503484,22,1538.430907
-0.09087503,24,1538.683419
-1.0676417,76,1539.423014
-0.77744067,40,1539.839661
0.050320268,24,1540.089434
11.061111,26,1545.724879
-0.06257737,24,1545.989798
10.978455,25,1546.26623
-0.3246976,14,1546.462658
11.112655,25,1546.806704
-0.03682947,18,1547.049942
11.206017,30,1547.394096
11.265767,33,1547.769877
-0.9570013,53,1548.39739
-0.28636175,26,1548.677184
-0.3761338,23,1548.942827
-2.3663824,258,1551.517993
-0.1791063,17,1551.699454
0.13576335,21,1551.915589
-0.3023998,42,1552.355778
-0.13004535,25,1552.612268
-0.038529992,26,1552.889892
-0.17972797,16,1553.121726
0.18821388,30,1553.486524
-0.40467602,21,1553.757632
11.089201,33,1554.133661
-0.13042432,26,1554.430351
0.12163848,26,1554.702825
-0.24863636,18,1554.917512
-0.33672464,16,1555.114136
-2.347682,258,1557.765517
-0.077100396,24,1558.056046
-0.7052262,23,1558.294723
11.042008,24,1558.571821
-0.20991611,17,1558.794691
-0.39151263,16,1558.9768
-0.21843505,31,1559.290599
-0.30585164,16,1559.490904
-0.30775726,22,1559.715825
-0.674755,41,1560.127723
11.068057,36,1560.502632
-0.33016783,29,1560.807004
0.33110732,27,1561.101787
11.127053,28,1561.40092
0.026253283,26,1561.687599
11.026598,29,1561.992597
-0.049351156,27,1562.3099
11.269116,33,1562.673534
0.14906669,22,1562.909991
-0.68900573,16,1563.081494
11.03925,24,1563.334996
-2.3872771,258,1565.924278
-0.34573776,36,1566.284929
-0.37496364,23,1566.522616
-0.027745962,20,1566.740617
11.008196,33,1567.079974
-0.3135482,25,1567.3534
11.021527,22,1567.588838
-0.60727286,30,1573.179977
0.06550658,27,1573.47594
-0.68063647,27,1573.777584
-0.837483,39,1574.224825
10.985869,30,1574.530458
-0.19460171,21,1574.765841
-1.1082498,67,1575.457592
-0.35250473,30,1575.773878
11.2448,51,1576.304719
-0.33196855,17,1576.507983
11.038066,28,1576.795912
11.207952,28,1577.125248
-0.32467794,34,1577.475722
-0.31381035,21,1577.721683
-0.34392935,26,1578.045768
-0.15445638,18,1578.24755
11.077682,26,1578.533425
-0.019112468,34,1578.910522
-0.12594777,20,1579.139699
11.123477,25,1579.407147
-0.29189378,18,1579.614703
10.9786215,28,1579.909691
0.1316601,30,1580.272202
-0.58006126,23,1580.512866
-0.5024128,39,1580.907968
0.21337467,22,1581.158712
-0.278709,40,1581.571516
-0.12343383,18,1581.785689
11.129378,32,1582.142482
-0.2997524,16,1582.32816
-0.84770525,29,1582.671326
-0.24967581,27,1582.977737
-0.17301214,28,1583.305857
-0.3090011,14,1583.475702
-0.22282463,30,1583.800912
-0.36012733,18,1583.991964
-0.38308364,17,1584.179926
0.07080388,25,1584.449309
-0.15790093,21,1584.678921
-0.17436653,29,1584.989728
-0.050587773,28,1585.305461
-0.24076766,21,1585.526035
-0.010348499,21,1585.761658
-0.3684392,24,1586.016854
-2.4130473,258,1588.577618
-0.29319483,31,1588.884573
-0.18049103,24,1589.141774
-0.4944625,15,1589.301793
-0.329961,29,1589.609668
-0.4767144,17,1589.800865
-0.51278967,26,1590.069715
-0.104227304,20,1590.310927
-0.3170327,39,1590.701124
-0.084913075,20,1590.915531
-0.573729,42,1591.382629
-0.6643144,30,1591.688957
10.898004,23,1591.941985
0.07757294,22,1592.201233
-0.2536736,47,1592.67909
-0.1461193,17,1592.857502
-0.7915404,34,1593.200701
11.053206,24,1593.446911
-0.30161536,26,1593.713854
-0.31817728,14,1593.866973
11.164372,33,1594.21591
11.139622,23,1594.472988
-0.2474376,40,1594.883822
-0.3837458,16,1599.342754
-0.27872545,38,1599.753886
-0.0584352,26,1600.023676
-0.083185434,21,1600.262863
-0.34711367,16,1600.430633
-0.38855153,17,1600.611977
-0.20566624,75,1601.407889
-0.24197012,25,1601.681162
11.06862,23,1601.937821
-0.34962457,100,1602.948681
-0.46194464,18,1603.149532
10.972745,26,1603.426823
11.071552,32,1603.769085
-0.27659374,29,1604.095211
-0.22486687,28,1604.397681
-0.7302169,32,1604.725807
-1.191702,104,1605.797528
11.034509,31,1606.121909
-0.09652221,21,1606.354804
-0.12856072,16,1606.527369
11.156797,23,1606.76968
0.07279605,21,1607.006996
-0.40591818,16,1607.186639
-0.12545884,57,1607.790781
-0.4245215,20,1608.01672
11.086997,29,1608.316795
-0.29394728,20,1608.530719
11.162054,25,1608.801771
0.11963934,23,1609.05282
11.090395,24,1609.307702
-0.2559352,17,1609.491565
-0.09486812,26,1609.762247
11.037308,24,1610.012041
-0.048918545,19,1610.235655
-0.44445443,22,1610.464236
-0.022305727,18,1610.669114
-0.28588122,43,1611.124178
0.08663905,36,1611.484862
-0.02540946,20,1611.714551
-0.4620598,15,1611.882961
0.15814573,23,1612.128955
11.197854,25,1612.388711
11.169773,30,1612.703727
-0.21364689,17,1612.891886
-0.1936872,29,1613.189909
-0.03913486,34,1613.543513
11.071485,33,1613.882467
-0.2810607,23,1614.13588
-0.33589536,33,1614.471632
-0.33222914,25,1614.737541
-0.030753195,27,1615.023006
-0.2956581,40,1615.433847
-0.17520797,16,1615.60493
-0.29915845,17,1615.787082
-0.14709628,23,1616.028672
-0.64185846,26,1616.309725
-0.17964411,22,1616.533804
-0.22863144,26,1616.8006
-0.03696567,24,1617.064385
11.10656,21,1617.293822
-0.016968966,27,1617.585501
11.285378,27,1617.877491
-0.12957942,25,1618.162376
-0.116241336,23,1618.42293
0.20161963,23,1618.670784
-0.18535417,27,1618.969132
-0.10091627,23,1619.211625
11.078986,26,1619.491951
-0.14008415,23,1619.7446
11.205085,84,1620.62749
-0.4907,21,1620.863646
-0.1168257,28,1625.374737
11.237081,26,1625.661041
-0.26101524,25,1625.969596
-0.3841009,17,1626.175614
-0.1809789,18,1626.3717
-0.29829717,17,1626.549337
-0.35964108,24,1626.81358
-0.49272138,26,1627.090759
0.030921757,31,1627.427692
0.17859083,28,1627.743661
-0.36568367,20,1627.954882
-0.6637143,25,1628.228697
-0.7943956,30,1628.53908
-1.0216994,27,1628.825925
-0.16247946,16,1629.0237
-0.33726805,27,1629.303229
-0.33871722,23,1629.539736
-0.17097545,28,1629.835616
-0.28029686,23,1630.11262
-0.026529372,19,1630.325518
-0.35794538,19,1630.536571
-0.06618965,20,1630.749673
-0.25888538,25,1631.008925
-0.6093776,14,1631.166265
-1.1335073,81,1632.006789
11.130971,26,1632.32788
-0.19245249,22,1632.57098
-0.22230363,22,1632.80132
-0.6532316,25,1633.112013
-0.64754176,19,1633.312015
-0.30203474,25,1633.585893
-0.17413431,21,1633.816238
-0.05764216,17,1634.005689
0.10480219,30,1634.318716
-0.32587546,20,1634.533285
11.177146,23,1634.807579
-0.44560224,22,1635.052541
-0.52500165,25,1635.321547
11.27642,31,1635.647533
-0.41377658,16,1635.830529
0.034618795,23,1636.073682
-0.29612643,27,1636.367678
-0.40536875,20,1636.58477
10.95856,25,1636.852234
-0.25833672,26,1637.139782
-0.3618856,33,1637.488709
11.253153,27,1637.77761
11.302617,28,1638.083889
-0.24150908,44,1638.546685
-0.40186447,32,1638.914523
-0.9606072,27,1639.214642
0.052803636,24,1639.474534
-1.0972624,70,1640.200884
-0.72555745,25,1640.456699
0.13526374,24,1640.702027
11.168816,48,1641.201194
-0.27250695,18,1641.401414
-0.042939663,26,1641.676892
-0.5063945,28,1641.983718
11.232743,26,1642.262976
11.040902,25,1642.541636
-0.3475904,20,1642.752677
11.247782,32,1643.092593
-0.18238676,28,1643.394596
-0.36126155,23,1643.664776
-0.279899,26,1643.956097
0.13258171,27,1644.23875
10.958621,23,1644.484938
11.042528,33,1644.837633
-0.25023627,19,1645.063603
-2.38266,258,1651.39998
-0.26350743,24,1651.666942
11.100478,21,1651.891963
-0.22754818,16,1652.079992
-0.342216,28,1652.369709
-0.33410507,34,1652.723589
-0.29579598,15,1652.884822
-0.2553712,32,1653.238878
0.04801321,35,1653.603778
11.0117035,31,1653.931548
-0.49230236,17,1654.129857
-0.5328515,57,1654.714394
-0.20412302,23,1654.966774
-0.13072425,25,1655.267624
-0.6547564,3,1655.319689
-0.14406359,17,1655.500811
-0.3326574,60,1656.105849
-0.1947704,18,1656.300653
-0.15038544,24,1656.547423
-0.1934998,20,1656.759486
11.090087,30,1657.066574
-0.15493602,16,1657.270631
0.023869097,26,1657.564637
11.263134,28,1657.859249
-0.5024096,17,1658.052881
-0.30769414,17,1658.244463
-0.417535,20,1658.462601
-0.47741196,160,1660.143006
-0.07307392,23,1660.403943
-0.7393377,41,1660.832709
11.03195,75,1661.595604
-0.18232727,28,1661.893892
0.27382702,28,1662.196593
-0.3766049,16,1662.39092
-0.23210806,25,1662.673309
-0.58084387,29,1662.974543
11.029806,22,1663.233971
0.06389147,34,1663.61086
-0.5787782,22,1663.844109
11.03858,27,1664.124617
-0.15009826,26,1664.4129
-0.20468503,34,1664.763497
-0.49852237,19,1664.972837
-0.53559834,20,1665.213226
11.068342,55,1665.807729
0.07433045,31,1666.141482
11.007731,26,1666.432962
-0.18531305,27,1666.72387
0.024917245,23,1666.974807
11.147128,25,1667.267167
11.145965,26,1667.566687
-0.38804644,17,1667.781662
-0.24663287,26,1668.07992
-0.7636128,50,1668.609664
11.126834,67,1669.326741
-0.22779214,22,1669.585192
-0.38816732,23,1669.852731
10.925586,28,1670.15146
-0.33096385,21,1670.388988
-0.10119277,18,1670.588846
0.04366982,27,1670.881592
-0.8109189,26,1671.159985
11.275883,42,1671.61577
11.01945,29,1671.926309
-0.21049619,17,1672.13658
11.104276,26,1672.449855
-0.2850533,18,1672.65358
-0.37786663,39,1673.075757
-0.35180813,32,1676.577238
-0.29245663,36,1676.960892
11.034232,24,1677.228851
-0.5811712,14,1677.385338
0.059108496,22,1677.629745
-0.21146959,22,1677.883362
11.174651,24,1678.147675
-0.37752926,17,1678.345672
10.937439,29,1678.642955
-0.09883392,28,1678.970682
-0.92475116,67,1679.667537
-0.31048274,40,1680.074499
10.974975,32,1680.420972
-0.061885834,24,1680.68571
-0.08801615,21,1680.913095
-0.38296998,14,1681.069958
-0.123098195,20,1681.291815
0.06894946,26,1681.571462
-0.25413394,21,1681.801471
-0.5371295,18,1682.011597
11.107083,33,1682.357242
-0.18518722,16,1682.550847
11.04314,27,1682.831564
11.161157,26,1683.119526
-0.36835307,62,1683.752794
-0.9885516,72,1684.479935
-0.29264385,15,1684.649616
-0.3243494,17,1684.839916
-0.032323003,22,1685.075029
-0.3636403,17,1685.26586
11.265948,33,1685.609676
-0.36555725,18,1685.808833
-0.2651586,18,1686.007684
11.039298,30,1686.324337
10.96954,22,1686.566134
-0.09614766,28,1686.864641
11.241266,29,1687.167973
11.033622,25,1687.445587
-0.2130205,44,1687.910755
-0.21214753,42,1688.342403
-0.08690798,21,1688.587926
11.198452,53,1689.126787
-0.28311896,16,1689.309793
11.026441,28,1689.601923
-0.22798824,19,1689.830765
-0.2004546,21,1690.059569
-0.3291533,21,1690.284864
0.1888845,31,1690.645214
-0.20034873,17,1690.836455
11.095727,27,1691.119826
0.11153102,29,1691.431642
-0.71248275,41,1691.856207
-0.51510876,22,1692.087691
0.09556806,24,1692.351839
-0.28335643,27,1692.652009
11.008585,27,1692.936668
-0.6901388,24,1693.199846
-0.10479689,25,1693.465557
-0.0481655,28,1693.766534
-0.20050645,39,1694.174887
-0.25314444,18,1694.37159
-0.49009964,21,1694.59299
10.89617,24,1694.84088
11.0679455,28,1695.144708
11.071033,32,1695.504567
0.12603748,25,1695.775671
-0.15652472,24,1696.02761
11.126488,31,1696.357375
-0.26037407,25,1696.651733
-0.1632396,19,1696.861697
-0.3147791,40,1697.311389
-0.22078443,26,1697.587574
-0.32281625,25,1697.846075
-1.0947201,33,1698.206144
-0.27292,16,1698.383123
-0.17974663,19,1698.589765
-0.20503026,23,1702.407611
0.08917123,31,1702.723536
-0.086940944,19,1702.923911
-0.35692167,18,1703.11954
-0.36798686,17,1703.305794
-0.31565952,17,1703.487513
-0.36932456,126,1704.777785
-0.19380695,20,1705.003532
10.94695,23,1705.24775
-0.55596447,15,1705.424508
0.008755326,25,1705.704692
11.163403,47,1706.185113
-0.19441831,16,1706.38486
-0.23163396,19,1706.587815
-0.048069894,27,1706.879767
-0.20556945,26,1707.154225
-0.08855635,23,1707.414655
-0.31401348,22,1707.647561
11.2488165,50,1708.191522
-0.14642859,26,1708.473178
11.101691,27,1708.756973
0.11194599,26,1709.045888
-0.19095588,22,1709.290611
-0.25901198,23,1709.53268
-0.2923447,37,1709.937506
-0.41342497,17,1710.125653
-0.5426706,55,1710.711947
-0.48132986,20,1710.935715
11.077408,27,1711.222521
-0.25723153,22,1711.473783
-0.268426,19,1711.697352
-0.25144273,19,1711.899594
-0.20196956,23,1712.174622
11.037771,24,1712.446677
-0.047058225,20,1712.676662
11.097045,33,1713.043656
-0.12975192,18,1713.245962
11.159817,27,1713.534946
-2.3527124,258,1716.18702
0.047542155,26,1716.472328
11.068361,24,1716.771529
11.121426,21,1716.998678
-0.4723619,30,1717.324906
0.0911392,28,1717.616732
11.039538,25,1717.884808
-0.23212332,31,1718.237796
-0.3333335,18,1718.440785
10.963568,24,1718.69677
-0.48217472,15,1718.865957
10.91802,25,1719.145929
-0.3485769,25,1719.416514
-0.446167,19,1719.619172
0.09854007,25,1719.883921
-0.14701599,18,1720.079736
-0.20727193,23,1720.32481
0.31546855,33,1720.663992
-0.23259401,41,1721.082875
-0.61648697,5,1721.151682
-0.15551692,18,1721.362587
-0.36601442,20,1721.581662
-0.56707895,19,1721.79765
-0.30365908,15,1721.969116
11.214819,28,1722.292618
-0.21355689,18,1722.506523
11.04637,31,1722.85406
0.2365678,25,1723.128757
-0.08136588,17,1723.323202
-0.10315251,17,1723.506626
-0.31230634,31,1723.826864
-0.2656098,21,1724.080459
-0.7778626,91,1728.642628
11.282208,25,1728.910267
11.262289,41,1729.359774
-0.34004682,18,1729.565954
-0.117203355,27,1729.863983
0.061789393,27,1730.153921
-0.3240434,39,1730.55725
0.0481959,28,1730.845733
-0.19049829,22,1731.080558
10.92989,26,1731.361516
11.115204,26,1731.64499
10.926475,23,1731.927386
-0.040208638,26,1732.224545
0.11532569,29,1732.537631
11.073429,28,1732.840728
-0.32715714,21,1733.084762
-0.258447,35,1733.450033
11.020903,23,1733.698689
0.027480125,23,1733.950771
-0.19826078,16,1734.145697
-0.060494363,19,1734.351639
-0.39524013,18,1734.55706
11.035097,30,1734.877923
-0.3722388,17,1735.069926
11.167229,29,1735.386993
-0.29686904,43,1735.836027
-0.23193604,22,1736.070877
0.037867486,21,1736.296134
-0.31647503,27,1736.576482
0.098917305,31,1736.921297
-0.5849129,15,1737.100625
11.039894,27,1737.410963
10.917836,25,1737.685698
-0.54039073,51,1738.220634
11.020304,32,1738.573729
11.033382,28,1738.880976
11.187091,29,1739.201902
0.108647525,29,1739.5446
-2.2114208,258,1742.215457
-0.3151269,23,1742.458694
11.265823,42,1742.888837
-0.16530317,29,1743.198894
-0.41680938,17,1743.386973
-0.17088813,19,1743.593732
11.163704,29,1743.918401
-0.31266695,46,1744.412659
-0.29017562,23,1744.654985
0.05120206,26,1744.949229
-1.0597584,31,1745.274055
-0.27482682,16,1745.454677
-0.35806054,18,1745.659836
0.12487799,21,1745.902461
-0.12420708,26,1746.180768
-0.2832142,24,1746.451343
-0.15903085,19,1746.666815
0.1065557,28,1746.959448
-0.1716572,23,1747.209162
-0.30261093,19,1747.436572
-0.12192434,18,1747.639582
0.16658175,31,1747.98912
-0.26926726,48,1748.494881
-0.7067579,31,1748.831594
-0.6682842,21,1749.054707
-1.0397208,52,1749.592599
-0.39549834,17,1749.779642
-0.27286875,42,1754.672548
-0.24903685,23,1754.919953
-0.63442826,15,1755.085745
-0.27463132,27,1755.407645
-0.025609016,37,1755.806585
11.054948,29,1756.103972
-0.27467698,20,1756.335793
-0.20580113,18,1756.537848
0.014660776,27,1756.841928
-0.98030937,54,1757.426046
-0.30280387,21,1757.650934
-0.08820778,20,1757.870502
10.9480295,24,1758.142004
0.022604823,36,1758.542728
11.216587,26,1758.822862
-0.12937701,20,1759.066632
-0.10506827,18,1759.270629
-0.2603625,26,1759.564875
-0.058307707,18,1759.759704
11.209993,24,1760.018686
-0.24129456,48,1760.559879
-0.12201679,20,1760.790528
-0.17417192,17,1760.979589
10.998621,30,1761.299352
-0.9529066,27,1761.587546
-0.1502859,36,1762.001256
11.159569,28,1762.33364
-0.08751625,27,1762.659976
11.004174,23,1762.929049
11.074955,27,1763.278988
-0.5661377,29,1763.612753
11.051111,25,1763.904022
10.9447775,25,1764.1792
-0.3012885,42,1764.632548
-0.3501385,17,1764.824071
-0.2260583,28,1765.129709
-0.46140224,22,1765.390392
-0.3402841,20,1765.609714
-0.5042576,26,1765.886096
0.17544526,23,1766.136601
0.063449085,28,1766.443799
11.248142,45,1766.911538
10.991083,25,1767.20024
11.093277,29,1767.522527
-0.12116617,22,1767.763644
10.944705,23,1768.020562
-0.111711144,19,1768.249717
-0.31741816,24,1768.511409
11.142753,26,1768.799824
-0.09641123,25,1769.105634
-0.28623378,25,1769.379295
0.14627862,30,1769.709066
0.15206736,41,1770.150672
-0.8723209,24,1770.414021
-0.42479306,39,1770.825605
-0.3945986,16,1771.004049
-0.29808003,33,1771.359884
-0.18208808,21,1771.618968
0.1665942,35,1771.984527
-0.43472713,18,1772.179307
-0.34073454,22,1772.416567
-0.3630426,18,1772.619694
-0.100617886,25,1772.891318
10.989937,28,1773.193807
-0.081623435,24,1773.476557
-0.20404756,29,1773.786063
-0.3291492,25,1774.05169
11.192483,29,1774.373939
11.193461,30,1774.699657
-0.14385027,20,1774.927422
-0.016720712,24,1775.188822
-0.029640675,20,1775.405785
-0.37701482,18,1775.620759
-0.0675351,19,1775.830023
-0.07667661,26,1776.111821
-0.21832263,34,1776.478749
11.096214,24,1776.740032
-0.33862174,82,1779.932852
-0.43388295,39,1780.363944
11.113488,30,1780.690692
-0.5712167,23,1780.962233
11.033134,25,1781.237988
0.009442985,27,1781.533972
10.9536295,24,1781.794044
-1.1467248,86,1782.704903
11.086414,26,1782.999701
-0.024337769,20,1783.220819
-0.102020204,18,1783.426827
0.09104639,30,1783.747578
-0.40597212,33,1784.104601
10.968143,26,1784.39044
-0.30248642,22,1784.636194
11.00178,25,1784.939152
-0.10040617,26,1785.220726
-0.637218,38,1785.627914
-0.28516322,23,1785.877664
11.197094,50,1786.407434
0.17773414,34,1786.771628
-0.36615747,20,1786.990573
0.108732045,22,1787.229674
-0.25705695,29,1787.539866
11.111996,27,1787.844291
11.083889,22,1788.09955
-0.32550567,23,1788.357717
-0.34622878,15,1788.530826
11.084642,26,1788.814601
-0.24264973,24,1789.091671
11.074499,30,1789.415969
-0.12698501,23,1789.67572
-0.4981471,23,1789.930794
-0.53135,19,1790.138969
-2.2442412,258,1792.830803
-0.63048387,22,1793.080967
-0.14769876,23,1793.34061
-0.09587413,25,1793.628843
-0.09475285,17,1793.831746
-0.4819344,49,1794.372834
-0.64834565,1,1794.402359
-0.42382097,18,1794.610689
11.227148,30,1794.929568
10.0,1,1794.963981
-0.24558973,18,1795.205083
0.15378606,25,1795.470846
-0.35755396,92,1796.419674
-1.2372961,35,1796.784345
11.016367,42,1797.249033
-0.4328813,18,1797.469681
11.190339,27,1797.775152
10.940574,23,1798.035731
0.14689183,31,1798.374068
-0.438367,17,1798.566621
-0.24025583,26,1798.867903
11.08358,31,1799.19269
0.10175121,27,1799.50697
11.010384,24,1799.769902
11.206065,40,1800.21374
10.896047,21,1800.451953
-2.2528772,258,1805.954052
0.17574441,24,1806.211764
0.03566605,25,1806.491542
-0.20992738,15,1806.673043
-0.029444695,27,1806.973756
0.0975855,33,1807.329685
-0.31384832,21,1807.564567
11.031654,29,1807.871696
-0.2528022,21,1808.115264
-0.031609476,25,1808.390802
-0.57776284,20,1808.612158
-0.07424849,23,1808.871824
11.2582035,47,1809.365713
-0.27008837,20,1809.592958
11.1818695,35,1809.963804
11.193633,47,1810.470731
-0.11538279,21,1810.713757
11.17951,26,1810.991975
-0.23878896,41,1811.451473
-0.16443634,19,1811.662809
11.139599,38,1812.065894
-0.47293842,18,1812.324729
11.131391,27,1812.665942
-0.43801558,18,1812.869862
-0.3178807,32,1813.210575
11.111728,25,1813.492002
0.15928113,30,1813.829862
-0.22607964,19,1814.035938
-0.10226971,20,1814.257645
-0.5481886,24,1814.529922
-0.18960422,35,1814.91556
-0.55225086,19,1815.127735
-0.17968959,24,1815.387604
10.990656,29,1815.697678
-0.40394163,19,1815.923797
11.154497,24,1816.189234
-0.6437761,1,1816.224795
11.198446,35,1816.599697
-0.8594355,55,1817.218776
-0.2690255,21,1817.456809
-0.1996541,23,1817.704945
-0.15693861,17,1817.910876
-0.43668377,19,1818.120759
-0.03391248,34,1818.491763
-0.09550649,27,1818.782868
0.028581321,21,1819.013685
-0.34057045,35,1819.395566
-1.0655135,80,1820.238019
-0.49424875,28,1820.55291
0.09593564,22,1820.796296
11.040873,25,1821.070887
-0.23681861,18,1821.274648
-0.14342743,20,1821.517735
-0.2363671,27,1821.844095
0.20257455,33,1822.197761
11.102221,32,1822.539744
-0.5239382,23,1822.801547
-0.49682075,21,1823.042599
-0.36360127,138,1824.466683
-0.5517664,19,1824.674928
-0.24987644,19,1824.886809
-0.30933887,14,1825.044719
-0.2564485,25,1825.344444
-0.6055788,17,1825.537726
-0.07767302,21,1825.764584
-0.3163243,42,1826.210576
11.1597805,30,1826.533855
11.116892,26,1826.825607
-0.32023698,30,1827.164641
-0.23779929,19,1827.375813
11.120723,24,1828.346522
0.045915842,29,1828.675684
10.924939,23,1828.923745
-0.32161987,77,1829.730608
-0.15243763,27,1830.025793
11.047254,24,1830.296884
0.079752624,24,1830.563956
11.233623,24,1830.826725
-0.1397478,19,1831.043229
11.159715,34,1831.413079
11.011061,25,1831.712041
-0.2866161,17,1831.909513
-0.14003396,19,1832.122545
-0.8251949,41,1832.583976
-0.31370586,21,1832.813813
-0.2627694,29,1833.130598
11.167855,29,1833.469785
-0.29512638,25,1833.756001
11.115095,26,1834.035603
-0.5610101,22,1834.312603
11.16889,29,1834.639125
-0.0020616055,27,1834.939499
-0.28686452,24,1835.200617
0.0975849,27,1835.504226
-0.035884917,23,1835.76689
0.2024889,26,1836.045585
-0.41476405,18,1836.246909
-0.26506037,24,1836.515202
11.152813,27,1836.812571
-0.20698684,70,1837.572019
-0.14490199,24,1837.861461
-0.26124817,24,1838.121447
0.21411926,30,1838.447695
11.067019,27,1838.743657
-0.37487268,20,1838.977824
-0.2984258,14,1839.14138
-0.310853,71,1839.890841
-0.15039098,20,1840.110817
-0.95689476,67,1840.812966
11.098081,27,1841.106759
11.064329,26,1841.449946
0.062986076,25,1841.729533
-0.20884264,23,1841.987954
11.15849,27,1842.283251
-0.35291535,17,1842.495739
-0.28087556,18,1842.69582
0.042614818,27,1842.992625
11.182429,31,1843.327186
0.09458715,31,1843.673576
-0.64513326,16,1843.881408
-0.18475276,44,1844.349758
-0.41671908,38,1844.753917
11.04425,30,1845.084842
-0.31229317,29,1845.407668
-0.22442394,21,1845.640588
-0.06461394,34,1846.001749
10.9053755,24,1846.272517
-0.12829137,18,1846.482746
-0.28171355,21,1846.715923
-0.12721801,23,1846.964266
-0.07629675,26,1847.242338
-0.23265451,26,1847.530854
-0.4783198,25,1847.801027
-0.64327586,19,1848.010699
11.034621,22,1848.250997
-0.2763378,70,1848.997856
0.10647434,24,1849.267532
-2.228199,258,1853.513679
-0.24098092,20,1853.749236
-0.09449661,25,1854.025577
-0.45011365,56,1854.621547
11.060049,21,1854.857288
-0.1593731,16,1855.046646
11.008482,50,1855.595503
-0.24225098,15,1855.768891
-0.35647255,15,1855.956801
-0.16413271,25,1856.231955
-0.096907794,25,1856.507394
-0.38138592,31,1856.844975
11.213571,29,1857.157004
0.14034766,41,1857.624784
11.228525,28,1857.947082
11.110867,35,1858.336973
-0.007470906,19,1858.563661
11.022741,24,1858.837404
11.030132,26,1859.142868
10.83648,22,1859.405679
11.056716,24,1859.684151
11.041475,32,1860.053693
-0.09203333,19,1860.299656
0.15052891,27,1860.599912
-0.24532205,23,1860.869654
10.995671,23,1861.123977
-0.027171016,19,1861.347899
11.0070305,28,1861.673703
0.15496433,30,1862.032934
-0.32450002,26,1862.334907
10.852647,28,1862.648982
-0.44766533,21,1862.893434
-0.43454105,31,1863.255963
-0.13882631,16,1863.437679
0.06819993,33,1863.79179
-0.50846064,15,1863.955981
-0.2009874,57,1864.53762
-0.26692617,22,1864.77167
-0.1866883,23,1865.028056
-0.1013875,21,1865.255912
-0.33308947,19,1865.46565
-0.0589509,23,1865.719891
-0.02262652,25,1865.985357
11.150885,25,1866.251804
-2.237954,258,1868.931056
-0.9931507,80,1869.784767
-0.32199776,29,1870.089746
-0.1638909,25,1870.365805
10.890391,24,1870.626795
-0.2086972,85,1871.532654
-0.6460311,5,1871.605988
-0.95535505,1,1871.630691
-0.22598243,22,1871.869706
11.110662,25,1872.144126
-0.3521223,31,1872.507624
0.10911018,24,1872.762597
-0.27576363,22,1872.996449
-0.19019324,24,1873.309692
-0.13936865,27,1873.605635
0.22644079,24,1873.858964
-0.5004936,19,1874.062962
-0.10811442,21,1874.291598
-0.35019618,22,1874.568917
-0.31001133,36,1878.37396
-0.10048425,39,1878.775208
-0.1443677,24,1879.037619
-0.32228225,18,1879.245633
-0.16881847,16,1879.43075
11.042333,31,1879.785777
0.062579036,28,1880.114558
10.988319,26,1880.392684
-0.29867327,28,1880.703666
-0.5217902,23,1880.974155
-0.13464499,22,1881.229374
-0.19140154,21,1881.491375
11.045291,22,1881.733781
-0.45973438,19,1881.949002
-0.13131237,24,1882.238676
-0.19034606,26,1882.522553
-0.45896196,25,1882.797348
-0.3416627,23,1883.048882
-0.0047574043,51,1883.594589
-2.1677217,258,1886.249055
11.079047,51,1886.782717
11.13771,26,1887.075124
-0.0039609075,25,1887.363733
-0.25176114,19,1887.571905
-0.29469967,23,1887.822074
0.04750508,28,1888.151279
-0.18287373,19,1888.361653
11.144571,26,1888.644725
-0.11674684,18,1888.849689
-0.06982893,20,1889.062732
11.183474,27,1889.350685
11.085155,31,1889.684621
-0.11693889,19,1889.899607
-1.025932,72,1890.651469
-0.2976923,25,1890.916346
-0.4370613,16,1891.093639
-0.06414342,28,1891.391873
10.929925,25,1891.678949
0.1589101,22,1891.925882
-0.16720116,25,1892.217764
-0.096444905,23,1892.478897
-0.09637827,24,1892.741618
-0.6122828,45,1893.219987
-1.2060828,81,1894.058883
-0.0488953,19,1894.264513
11.083986,63,1894.917657
11.146507,25,1895.199837
10.956503,22,1895.450923
-0.09112555,26,1895.73296
-0.16300333,18,1895.932275
-0.31657648,30,1896.248677
-0.20081836,23,1896.490693
-0.18036091,28,1896.790454
-0.5061101,25,1897.06084
11.214335,29,1897.379843
-0.48096764,16,1897.575587
-0.15247214,21,1897.801448
-0.19028956,18,1898.003288
-0.21476138,23,1898.273424
-0.31038487,24,1898.561708
11.198376,30,1898.879477
-0.15041459,23,1899.154827
-0.20764142,18,1899.348803
-0.22837156,24,1899.615767
-0.32068932,26,1899.897794
-0.31465125,36,1900.305984
-0.3857326,16,1900.492902
11.057136,31,1904.276815
-0.35525364,16,1904.501746
0.098952115,30,1904.849338
-0.23404014,93,1905.811055
-0.38276082,35,1906.197877
11.104584,24,1906.45399
-0.32369483,31,1906.790144
-0.3161525,72,1907.571762
-1.1427647,100,1908.662845
-0.57693696,21,1908.900956
-0.18716264,26,1909.188846
-0.30275732,15,1909.351966
10.965884,24,1909.614539
10.952308,23,1909.91261
0.01456058,28,1910.249802
0.08576912,24,1910.53756
-0.09196895,18,1910.812959
-0.25252974,21,1911.075837
11.105361,35,1911.472469
-0.08139217,19,1911.720688
-0.08728224,24,1911.980825
0.25011557,33,1912.354066
-0.15793878,21,1912.586659
0.104495764,38,1912.999011
-0.18049872,26,1913.280924
0.045879126,25,1913.597611
-0.10166794,24,1913.858129
0.13760817,33,1914.205
-0.14309871,22,1914.439208
-0.23282433,21,1914.675009
-0.14444232,29,1915.015926
-0.1875894,26,1915.345538
-0.11099893,21,1915.586551
-0.24599189,19,1915.797522
0.228131,25,1916.069708
-0.2604637,26,1916.365629
-0.20927662,23,1916.623346
0.11577642,28,1916.948795
11.138111,26,1917.247747
-0.2551034,26,1917.539995
-0.14525193,17,1917.739638
-1.0080959,64,1918.407601
-0.21259731,34,1918.784649
-0.486347,15,1918.948702
-0.2853297,26,1919.233991
-0.84691644,31,1919.58775
-0.25426072,21,1919.811042
-0.13487232,18,1920.016049
-0.33748847,20,1920.25365
-0.5654303,20,1920.475503
-0.36755687,30,1920.813554
-1.3348008,36,1921.237556
11.060809,24,1921.521986
-0.20823091,18,1921.774546
-0.110794365,19,1921.991809
11.122332,26,1922.281998
11.004827,27,1922.599183
10.955637,23,1922.877794
-0.475868,56,1923.486588
10.978905,25,1923.75959
-0.37999016,17,1923.986784
-0.2670573,17,1924.193635
11.295231,43,1924.669034
-0.49180973,22,1924.928115
-0.26986104,18,1925.139179
-0.35353225,15,1925.309842
10.891646,23,1925.560996
11.054382,24,1925.83897
11.099591,27,1926.135171
0.1876167,39,1926.563449
-0.04188192,27,1926.847975
-0.068071306,23,1927.104826
-0.29515064,17,1927.321693
0.13013947,31,1932.015264
-0.17471969,25,1932.289705
11.168649,25,1932.576636
-0.18098712,22,1932.856851
-0.1646834,19,1933.070708
0.16434556,22,1933.323938
11.17324,23,1933.577564
-0.20038795,17,1933.769103
-0.14147788,30,1934.085687
-1.1135638,90,1935.075725
0.11854559,25,1935.343589
11.106437,47,1935.866878
-0.28494835,27,1936.172601
-0.90826535,23,1936.465784
-0.54242706,14,1936.627001
-0.4500205,22,1936.872717
-0.08524984,22,1937.149947
-0.19669968,23,1937.425629
-0.30060595,25,1937.70391
-0.32884556,15,1937.869148
11.097567,24,1938.150915
-0.18685299,22,1938.399463
11.094277,28,1938.723513
11.025636,26,1939.012537
0.2520399,30,1939.354984
-2.1519384,258,1942.33367
-0.29720134,28,1942.681908
-0.3836069,25,1942.993507
-0.083871126,19,1943.230993
-0.041030705,22,1943.501421
11.152824,26,1943.882164
-0.9030366,48,1944.429527
11.070674,32,1944.81568
-0.036815405,19,1945.027616
-0.13010085,17,1945.224895
-0.23854649,16,1945.407665
-0.20479137,36,1945.828034
-0.043558836,20,1946.056556
-0.15388364,21,1946.302699
11.235038,45,1946.828551
11.012299,33,1947.253647
-0.7817029,32,1947.630885
11.047198,33,1947.995883
-0.5580692,23,1948.259816
-0.35816902,15,1948.43176
-0.6409993,21,1948.669967
11.099907,34,1949.070003
0.097664,29,1949.395885
11.056905,31,1949.733423
0.13534027,38,1950.144024
-0.13806194,24,1950.414606
-0.40478545,16,1950.597754
11.101732,22,1950.842593
10.990375,24,1951.119198
-0.0639078,21,1951.376855
0.10125941,29,1951.703902
0.019271612,24,1951.959942
-0.12728304,19,1952.193582
10.930894,26,1952.483899
0.20239723,31,1952.839528
-0.39665717,17,1953.025645
-0.008575797,28,1953.331812
-0.56431746,18,1953.529967
-0.2651863,26,1953.851022
11.084132,33,1954.208961
-0.45043743,30,1954.664788
0.022010386,25,1954.984768
-0.16133124,22,1955.236861
-0.14696944,21,1961.067522
-0.6304306,20,1961.40359
-0.30565935,39,1962.047524
-0.2858315,23,1962.423717
11.186889,26,1962.86317
-0.3060671,19,1963.189626
-0.18282765,27,1963.656007
-0.21199334,22,1964.017605
-0.2824785,23,1964.41964
11.015948,35,1964.997546
10.954028,29,1965.486613
-0.2527362,45,1966.26138
0.1505509,25,1966.704776
-0.18558854,23,1967.093743
0.08780819,28,1967.565577
-0.15083086,19,1967.884726
-0.7649417,35,1968.479925
-0.792409,26,1968.911713
-0.04743719,19,1969.246905
0.103833675,34,1969.81198
-0.4752075,15,1970.060963
11.204899,30,1970.563818
-1.000229,74,1971.764812
11.0514145,28,1972.229989
-0.21790195,26,1972.675264
-0.26429087,20,1973.0203
-2.2351017,258,1977.281422
-0.5741966,20,1977.623303
-0.29892278,24,1978.027892
11.033094,26,1978.457946
-0.19165945,24,1978.873025
11.122265,27,1979.343987
-0.61213934,19,1979.6997
-0.4390506,15,1979.966693
-0.44177234,22,1980.366918
-0.18327218,43,1981.112992
-0.03581339,25,1981.519128
11.015895,26,1981.951638
-0.3092543,20,1982.299577
-0.22731,22,1982.672019
11.213867,46,1983.418869
-0.26628977,34,1983.993717
-0.43341142,21,1984.343739
0.08026785,30,1984.84551
-0.20348895,15,1985.100996
-0.14576858,26,1985.538932
-0.1632961,27,1985.993297
-0.54923624,20,1986.333807
10.952086,26,1986.774758
-0.49879032,40,1987.436752
11.073998,25,1987.852689
-0.50837684,19,1988.177675
11.11376,43,1988.875662
0.108627975,21,1989.229697
11.082611,24,1989.632612
-0.20322055,19,1989.959602
-0.21437126,22,1990.32292
0.045423687,24,1990.727602
-0.053382218,28,1991.189734
-0.24525946,23,1991.590635
-0.0840593,26,1992.0297
-0.44435742,15,1992.286644
-0.30113953,20,1992.622752
-0.23482937,20,1992.959509
-0.18411404,28,1993.433518
11.048111,25,1993.851148
-0.9163319,27,1994.309113
-0.2731307,25,1994.738897
-0.3177638,18,1995.042952
0.14535874,35,1999.341348
-0.3526492,30,1999.890955
-0.21534318,26,2000.353862
-0.16420501,23,2000.741016
10.995422,24,2001.163615
-0.4960073,22,2001.538806
11.096994,28,2002.019813
-0.29990518,14,2002.271668
0.1590867,25,2002.699917
-0.16350353,22,2003.069021
10.98769,27,2003.529558
10.941977,26,2003.996175
-0.4051448,18,2004.326738
-0.4583068,18,2004.654853
-0.05649972,24,2005.057547
0.070509374,22,2005.429705
10.940999,25,2005.858698
11.01347,28,2006.33261
0.07908559,32,2006.875868
0.03593701,27,2007.336375
-0.1920461,18,2007.633976
11.089369,22,2008.012697
-0.00892204,24,2008.440747
10.916557,22,2008.821679
11.038015,28,2009.295968
-0.12956697,16,2009.577623
11.000692,26,2010.010706
11.055459,26,2010.467029
-0.5258837,17,2010.773703
11.102264,30,2011.276529
0.021411598,25,2011.699733
11.2028055,28,2012.168712
11.101923,22,2012.544559
-0.69433236,22,2012.926062
-0.14539361,18,2013.240685
11.119322,25,2013.656968
-1.1526024,100,2015.299105
-0.2822935,22,2015.668147
0.01010251,30,2016.167683
0.0987739,26,2016.605261
-0.00365448,27,2017.062727
11.03339,33,2017.627739
-0.51547563,18,2017.939699
-0.27721006,14,2018.174689
-0.09050375,19,2018.496711
